-- --------------------------------------------------------
-- 主机:                           127.0.0.1
-- 服务器版本:                        5.1.55-community-log - MySQL Community Server (GPL)
-- 服务器操作系统:                      Win32
-- HeidiSQL 版本:                  9.4.0.5125
-- --------------------------------------------------------

/*!40101 SET @OLD_CHARACTER_SET_CLIENT=@@CHARACTER_SET_CLIENT */;
/*!40101 SET NAMES utf8 */;
/*!40014 SET @OLD_FOREIGN_KEY_CHECKS=@@FOREIGN_KEY_CHECKS, FOREIGN_KEY_CHECKS=0 */;
/*!40101 SET @OLD_SQL_MODE=@@SQL_MODE, SQL_MODE='NO_AUTO_VALUE_ON_ZERO' */;

-- 导出  表 wlp.alone_applog 结构
CREATE TABLE IF NOT EXISTS `alone_applog` (
  `ID` varchar(32) NOT NULL,
  `CTIME` varchar(16) NOT NULL,
  `DESCRIBES` varchar(1024) NOT NULL,
  `APPUSER` varchar(32) NOT NULL,
  `LEVELS` varchar(32) DEFAULT NULL,
  `METHOD` varchar(128) DEFAULT NULL,
  `CLASSNAME` varchar(128) DEFAULT NULL,
  `IP` varchar(32) DEFAULT NULL,
  PRIMARY KEY (`ID`),
  KEY `FK_Reference_9` (`APPUSER`)
) ENGINE=MyISAM DEFAULT CHARSET=utf8;

-- 导出  表 wlp.alone_app_version 结构
CREATE TABLE IF NOT EXISTS `alone_app_version` (
  `version` varchar(32) NOT NULL DEFAULT '',
  `update_time` varchar(32) DEFAULT NULL,
  `update_user` varchar(32) DEFAULT NULL,
  PRIMARY KEY (`version`)
) ENGINE=MyISAM DEFAULT CHARSET=utf8;

-- 正在导出表  wlp.alone_app_version 的数据：30 rows
/*!40000 ALTER TABLE `alone_app_version` DISABLE KEYS */;
INSERT INTO `alone_app_version` (`version`, `update_time`, `update_user`) VALUES
	('v4.0.1', '2018-10-16 15:14:18', 'USERNAME'),
	('v4.0.2', '2018-10-16 15:14:26', 'USERNAME'),
	('v4.0.3', '2018-10-16 15:14:32', 'USERNAME'),
	('v4.0.4', '2018-10-16 15:14:40', 'USERNAME'),
	('v4.0.5', '2018-10-16 15:14:49', 'USERNAME'),
	('v4.0.6', '2018-10-16 15:14:56', 'USERNAME'),
	('v4.0.7', '2018-10-16 15:15:04', 'USERNAME'),
	('v4.0.8', '2018-10-16 15:15:13', 'USERNAME'),
	('v4.0.9', '2018-10-16 15:15:19', 'USERNAME'),
	('v4.1.0', '2018-10-16 15:15:27', 'USERNAME'),
	('v4.1.1', '2018-10-16 15:15:48', 'USERNAME'),
	('v4.1.2', '2018-10-16 15:15:55', 'USERNAME'),
	('v4.1.3', '2018-10-16 15:16:09', 'USERNAME'),
	('v4.1.4', '2018-11-12 20:20:22', 'USERNAME'),
	('v4.1.5', '2018-11-12 20:20:31', 'USERNAME'),
	('v4.1.6', '2018-12-31 10:17:34', 'USERNAME'),
	('v4.1.7', '2018-12-31 10:17:43', 'USERNAME'),
	('v4.1.9', '2019-02-25 09:02:18', 'USERNAME'),
	('v4.2.3', '2019-07-08 15:52:14', 'USERNAME'),
	('v4.2.4', '2019-07-08 15:52:22', 'USERNAME'),
	('v4.3.1', '2019-07-08 15:52:32', 'USERNAME'),
	('v4.3.2', '2019-07-08 15:52:40', 'USERNAME'),
	('v4.3.3', '2019-07-08 15:52:47', 'USERNAME'),
	('v4.3.4', '2019-07-08 15:52:55', 'USERNAME'),
	('v4.3.5', '2019-07-08 15:53:02', 'USERNAME'),
	('v4.3.6', '2019-07-08 15:53:08', 'USERNAME'),
	('v4.3.7', '2019-07-28 07:49:09', 'USERNAME'),
	('v4.4.0', '2019-10-11 11:20:01', 'USERNAME'),
	('v4.4.2', '2019-11-17 17:37:10', 'USERNAME'),
	('v4.5.2', '2020-03-19 14:52:09', 'USERNAME');
/*!40000 ALTER TABLE `alone_app_version` ENABLE KEYS */;

-- 导出  表 wlp.alone_auth_action 结构
CREATE TABLE IF NOT EXISTS `alone_auth_action` (
  `ID` varchar(32) NOT NULL,
  `AUTHKEY` varchar(128) NOT NULL,
  `NAME` varchar(64) NOT NULL,
  `COMMENTS` varchar(128) DEFAULT NULL,
  `CTIME` varchar(14) NOT NULL,
  `UTIME` varchar(14) NOT NULL,
  `CUSER` varchar(32) NOT NULL,
  `MUSER` varchar(32) NOT NULL,
  `STATE` char(1) NOT NULL,
  `CHECKIS` char(1) NOT NULL,
  `LOGINIS` char(1) NOT NULL COMMENT '默认所有ACTION都要登录',
  PRIMARY KEY (`ID`)
) ENGINE=MyISAM DEFAULT CHARSET=utf8 COMMENT='InnoDB free: 12288 kB alone_action';

-- 正在导出表  wlp.alone_auth_action 的数据：63 rows
/*!40000 ALTER TABLE `alone_auth_action` DISABLE KEYS */;
INSERT INTO `alone_auth_action` (`ID`, `AUTHKEY`, `NAME`, `COMMENTS`, `CTIME`, `UTIME`, `CUSER`, `MUSER`, `STATE`, `CHECKIS`, `LOGINIS`) VALUES
	('40288b854a38408e014a384de88a0005', 'action/list', '权限管理_权限定义', NULL, '20141211154357', '20141211154357', '40288b854a329988014a329a12f30002', '40288b854a329988014a329a12f30002', '1', '1', '1'),
	('40288b854a38974f014a38b3a6700017', 'actiontree/list', '权限管理_权限构造', NULL, '20141211173505', '20141211173505', '40288b854a329988014a329a12f30002', '40288b854a329988014a329a12f30002', '1', '1', '1'),
	('40288b854a38974f014a38b93d0a0022', 'log/list', '系统配置_系统日志', '', '20141211174111', '20150831184926', '40288b854a329988014a329a12f30002', '40288b854a329988014a329a12f30002', '1', '1', '1'),
	('40288b854a38974f014a38ba24f90024', 'parameter/list', '系统配置_参数定义', '', '20141211174210', '20150831185312', '40288b854a329988014a329a12f30002', '40288b854a329988014a329a12f30002', '1', '1', '1'),
	('40288b854a38974f014a38bafb830026', 'parameter/editlist', '系统配置_系统参数', '', '20141211174305', '20151016154936', '40288b854a329988014a329a12f30002', '40288b854a329988014a329a12f30002', '1', '1', '1'),
	('40288b854a38974f014a38bb431b0028', 'parameter/userelist', '系统配置_个性化参数', '', '20141211174324', '20151016154959', '40288b854a329988014a329a12f30002', '40288b854a329988014a329a12f30002', '1', '1', '1'),
	('40288b854a38974f014a38bd26a0002a', 'dictionary/list', '系统配置_数据字典', '', '20141211174527', '20150831185552', '40288b854a329988014a329a12f30002', '40288b854a329988014a329a12f30002', '1', '1', '1'),
	('40288b854a38974f014a38beae79002d', 'user/list', '组织用户管理_用户管理', '', '20141211174708', '20150831185712', '40288b854a329988014a329a12f30002', '40288b854a329988014a329a12f30002', '1', '1', '1'),
	('40288b854a38974f014a38bf10fc002f', 'organization/list', '组织用户管理_组织机构管理', '', '20141211174733', '20150831185753', '40288b854a329988014a329a12f30002', '40288b854a329988014a329a12f30002', '1', '1', '1'),
	('40288b854a3daac8014a3dfe03990005', 'FarmPortalComponentConsole', '门户管理_组件库', NULL, '20141212181424', '20141212181424', '40288b854a329988014a329a12f30002', '40288b854a329988014a329a12f30002', '1', '1', '1'),
	('40288b854a3daac8014a3dfefcce0007', 'FarmPortalPortaltreeConsole', '门户管理_门户配置', NULL, '20141212181528', '20141212181528', '40288b854a329988014a329a12f30002', '40288b854a329988014a329a12f30002', '1', '1', '1'),
	('40288b854a3e037e014a3e1d76810003', 'FarmFormsFormcategoryConsole', '动态表单_表单分类', NULL, '20141212184845', '20141212184845', '40288b854a329988014a329a12f30002', '40288b854a329988014a329a12f30002', '1', '1', '1'),
	('40288b854a3e037e014a3e1e46150005', 'FarmFormsQueryConsole', '动态表单_查询表单配置', NULL, '20141212184939', '20141212184939', '40288b854a329988014a329a12f30002', '40288b854a329988014a329a12f30002', '1', '1', '1'),
	('40288b854a50d918014a50dbdc460002', 'HhYWConsole', '系统配置_数据库管理', NULL, '20141216100953', '20141216100953', '40288b854a329988014a329a12f30002', '40288b854a329988014a329a12f30002', '1', '1', '1'),
	('40288b854a50d918014a50dcfa580005', 'qzTrigger/list', '任务调度_触发器定义', '', '20141216101106', '20171211230511', '40288b854a329988014a329a12f30002', '40288b854a329988014a329a12f30002', '1', '1', '1'),
	('40288b854a50d918014a50ddb7400007', 'qzTask/list', '任务调度_任务定义', '', '20141216101155', '20171211230536', '40288b854a329988014a329a12f30002', '40288b854a329988014a329a12f30002', '1', '1', '1'),
	('40288b854a50d918014a50def0aa0009', 'qzScheduler/list', '任务调度_调度实例', NULL, '20141216101315', '20141216101315', '40288b854a329988014a329a12f30002', '40288b854a329988014a329a12f30002', '1', '1', '1'),
	('402894ca4a9a155d014a9a1790810003', 'filebase/list', '文档管理_附件管理', '', '20141230152723', '20200709215105', '40288b854a329988014a329a12f30002', '40288b854a329988014a329a12f30002', '1', '1', '1'),
	('402894ca4a9a155d014a9a182dbb0005', 'FarmDocgroupUser_ACTION_CONSOLE', '文档管理_工作小组管理', NULL, '20141230152803', '20141230152803', '40288b854a329988014a329a12f30002', '40288b854a329988014a329a12f30002', '1', '1', '1'),
	('402894ca4a9a155d014a9a1905200007', 'docgroup/list', '文档管理_工作小组管理', '', '20141230152858', '20150831190059', '40288b854a329988014a329a12f30002', '40288b854a329988014a329a12f30002', '1', '1', '1'),
	('402894ca4a9a155d014a9a1a32940009', 'FarmDocmessage_ACTION_CONSOLE', '文档管理_文档留言', NULL, '20141230153015', '20141230153015', '40288b854a329988014a329a12f30002', '40288b854a329988014a329a12f30002', '1', '1', '1'),
	('402894ca4a9a155d014a9a1a8dd3000b', 'doctype/list', '文档管理_文档分类', '', '20141230153039', '20150831190127', '40288b854a329988014a329a12f30002', '40288b854a329988014a329a12f30002', '1', '1', '1'),
	('402894ca4a9a155d014a9a1afe60000d', 'doc/list', '文档管理_文档管理', '', '20141230153108', '20150901182811', '40288b854a329988014a329a12f30002', '40288b854a329988014a329a12f30002', '1', '1', '1'),
	('40288b854ab4231a014ab45e15850003', 'FarmCodeProject_ACTION_CONSOLE', '代码工程_工程定义', NULL, '20150104175432', '20150104175432', '40288b854a329988014a329a12f30002', '40288b854a329988014a329a12f30002', '1', '1', '1'),
	('40288b854ab4231a014ab45ee9fb0005', 'FarmCodeGuide_ACTION_CONSOLE', '代码工程_生成向导', NULL, '20150104175526', '20150104175526', '40288b854a329988014a329a12f30002', '40288b854a329988014a329a12f30002', '1', '1', '1'),
	('402888a84f970dad014f971444550009', 'top/list', '文档管理_推荐阅读', '', '20150904143851', '20200714161706', '40288b854a329988014a329a12f30002', '40288b854a329988014a329a12f30002', '1', '1', '1'),
	('402894ca4add11f6014add19da9d000a', 'FarmPlanTaskConsole', '当前任务_计划任务', NULL, '20150112154426', '20150112154426', '40288b854a329988014a329a12f30002', '40288b854a329988014a329a12f30002', '1', '1', '1'),
	('402894ca4ae0e797014ae1ab12120031', 'lucene/list', '文档管理_全文索引', '', '20150113130132', '20150831190209', '40288b854a329988014a329a12f30002', '40288b854a329988014a329a12f30002', '1', '1', '1'),
	('402888a8509d16e201509d191db90009', 'farmReleaseRanking/list', '文档管理_用户文档排名', '', '20151025114440', '20151025114440', '40288b854a329988014a329a12f30002', '40288b854a329988014a329a12f30002', '1', '1', '1'),
	('402888a850bcceeb0150bcd7f9780009', 'usermessage/list', '用户消息', '', '20151031154122', '20151031154122', '40288b854a329988014a329a12f30002', '40288b854a329988014a329a12f30002', '1', '1', '1'),
	('8a2831b355de72390155de787d000014', 'resumebase/list', '简历管理_简历查询', NULL, '20160712173806', '20160712173806', '40288b854a329988014a329a12f30002', '40288b854a329988014a329a12f30002', '1', '1', '1'),
	('8a2831b3563f530701563f5821e40000', 'expert/list', '简历管理_专家管理', NULL, '20160731130555', '20160731130555', '40288b854a329988014a329a12f30002', '40288b854a329988014a329a12f30002', '1', '1', '1'),
	('8a2831b3573c10d0015741b2273c0018', 'user/online', '系统配置_在线用户', NULL, '20160919170617', '20160919170617', '40288b854a329988014a329a12f30002', '40288b854a329988014a329a12f30002', '1', '1', '1'),
	('8a2831b3577bd11201578a0a22ef0035', 'webHotCase/list', '文档管理_检索热词', NULL, '20161003181502', '20161003181502', '40288b854a329988014a329a12f30002', '40288b854a329988014a329a12f30002', '1', '1', '1'),
	('8a2831b35ac74f63015ae477e873005d', 'question/list', '问答管理_问答管理', NULL, '20170319104907', '20170319104907', '40288b854a329988014a329a12f30002', '40288b854a329988014a329a12f30002', '1', '1', '1'),
	('8a2831b35ac74f63015ae47881d3005f', 'fqaIndex/list', '检索管理_问答索引', NULL, '20170319104947', '20170319104947', '40288b854a329988014a329a12f30002', '40288b854a329988014a329a12f30002', '1', '1', '1'),
	('402889ac5b2782a6015b281052a50060', 'typedemo/list', '知识管理_模板管理', NULL, '20170401135010', '20170401135010', '40288b854a329988014a329a12f30002', '40288b854a329988014a329a12f30002', '1', '1', '1'),
	('402889ac5bfb0c93015bfb42f2ca0000', 'docspecial/list', '知识管理_知识专题', NULL, '20170512140520', '20170512140520', '40288b854a329988014a329a12f30002', '40288b854a329988014a329a12f30002', '1', '1', '1'),
	('8af5c60d5c215c54015c216201ce0002', 'outuser/list', '用户管理_外部账户', NULL, '20170519234450', '20170519234450', '40288b854a329988014a329a12f30002', '40288b854a329988014a329a12f30002', '1', '1', '1'),
	('402889ac5da5d50f015da5d736060000', 'toolweb/sysbackup', '系统配置_系统备份向导', NULL, '20170803100531', '20170803100531', '40288b854a329988014a329a12f30002', '40288b854a329988014a329a12f30002', '1', '1', '1'),
	('402889ac5f94d2ef015f94f2502c0007', 'dingding/loadOrg', '用户管理_同步钉钉组织机构', NULL, '20171107132709', '20171107132709', '40288b854a329988014a329a12f30002', '40288b854a329988014a329a12f30002', '1', '1', '1'),
	('402889ac5fbd8ef3015fbd954fea0001', 'usermessage/msConsole', '用户管理_用户消息发送', '', '20171115105000', '20171115105142', '40288b854a329988014a329a12f30002', '40288b854a329988014a329a12f30002', '1', '1', '1'),
	('402889ac5fc2b9a6015fc2c34e9a0001', 'fileindex/list', '检索管理_附件索引', NULL, '20171116105820', '20171116105820', '40288b854a329988014a329a12f30002', '40288b854a329988014a329a12f30002', '1', '1', '1'),
	('402889ac5fc36ab9015fc3794fea0003', 'helper/readme', '系统配置_系统接口API', '', '20171116141708', '20181016161716', '40288b854a329988014a329a12f30002', '40288b854a329988014a329a12f30002', '1', '1', '1'),
	('8a8580496053a94e016053bbba700001', 'wdaconvertlog/list', '运维管理_预览文件转换日志', NULL, '20171214143500', '20171214143500', '40288b854a329988014a329a12f30002', '40288b854a329988014a329a12f30002', '1', '1', '1'),
	('40288918646e990f01646ea253fb0001', 'messagemodel/list', '用户消息模板', NULL, '20180706160809', '20180706160809', '40288b854a329988014a329a12f30002', '40288b854a329988014a329a12f30002', '1', '1', '1'),
	('40288918651238b201651244b6c70001', 'typefield/list', '基本设置_分类属性', NULL, '20180807104337', '20180807104337', '40288b854a329988014a329a12f30002', '40288b854a329988014a329a12f30002', '1', '1', '1'),
	('402880ef65b963bd0165b965a4dc0001', 'gridkpoint/list', '鐭ヨ瘑绠＄悊_鐭ヨ瘑鍥捐氨', NULL, '20180908213610', '20180908213610', '40288b854a329988014a329a12f30002', '40288b854a329988014a329a12f30002', '1', '1', '1'),
	('4028b881661e481c01661e4ad6280001', 'sharelink/list', '绯荤粺搴旂敤_閾炬帴鍒嗕韩', NULL, '20180928114832', '20180928114832', '40288b854a329988014a329a12f30002', '40288b854a329988014a329a12f30002', '1', '1', '1'),
	('4028b88167b485520167b48943230001', 'docfieldlist/list', '分类模板_分类属性查询', NULL, '20181216090233', '20181216090233', '40288b854a329988014a329a12f30002', '40288b854a329988014a329a12f30002', '1', '1', '1'),
	('4028b88167ca4f270167ca64cbcf0001', 'doctypejudge/list', '分类模板_分类评价管理', NULL, '20181220145422', '20181220145422', '40288b854a329988014a329a12f30002', '40288b854a329988014a329a12f30002', '1', '1', '1'),
	('4028b88167ca4f270167ca6610fc0003', 'docuserjudge/list', '分类模板_分类评价查询', NULL, '20181220145545', '20181220145545', '40288b854a329988014a329a12f30002', '40288b854a329988014a329a12f30002', '1', '1', '1'),
	('4028b88168f599280168f59acd340001', 'ldap/loadOrg', '用户管理_同步LDAP机构', NULL, '20190216171949', '20190216171949', '40288b854a329988014a329a12f30002', '40288b854a329988014a329a12f30002', '1', '1', '1'),
	('4028b8816a8194fe016a82117bce1209', 'farmdocenjoy/list', '用户关注收藏', NULL, '20190504165905', '20190504165905', '40288b854a329988014a329a12f30002', '40288b854a329988014a329a12f30002', '1', '1', '1'),
	('4028b8816b352fa8016b3660a1a601cc', 'user/chooseUser', '选择用户', '', '20190608171710', '20190608171710', '40288b854a329988014a329a12f30002', '40288b854a329988014a329a12f30002', '1', '0', '1'),
	('4028b8816b366111016b3664ebb30002', 'user/query', '查询用户', '', '20190608172152', '20190608172152', '40288b854a329988014a329a12f30002', '40288b854a329988014a329a12f30002', '1', '0', '1'),
	('4028b8816b366557016b3666da4b002a', 'organization/chooseOrg', '选择组织机构', '', '20190608172358', '20190608172358', '40288b854a329988014a329a12f30002', '40288b854a329988014a329a12f30002', '1', '0', '1'),
	('4028b8816b366557016b3667b48a002b', 'organization/organizationTree', '查询组织机构树', '', '20190608172454', '20190608172454', '40288b854a329988014a329a12f30002', '40288b854a329988014a329a12f30002', '1', '0', '1'),
	('4028b8816b366557016b36682d08002c', 'post/choosePost', '选择岗位', '', '20190608172525', '20190608172525', '40288b854a329988014a329a12f30002', '40288b854a329988014a329a12f30002', '1', '0', '1'),
	('4028b8816b366557016b3668a27c002d', 'post/query', '查询岗位', '', '20190608172555', '20190608172555', '40288b854a329988014a329a12f30002', '40288b854a329988014a329a12f30002', '1', '0', '1'),
	('402881e66e78aed3016e78b33cc60002', 'experttype/list', '问答专家_专家分类', NULL, '20191117173042', '20191117173042', '40288b854a329988014a329a12f30002', '40288b854a329988014a329a12f30002', '1', '1', '1'),
	('402880e772a88c460172a88fff9b0000', 'classtype/list', '基本设置_课程分类管理', NULL, '20200612204508', '20200612204508', '40288b854a329988014a329a12f30002', '40288b854a329988014a329a12f30002', '1', '1', '1'),
	('402880ea72b819cc0172ba94d0990001', 'tagtype/list', '基本设置_标签管理', NULL, '20200616084334', '20200616084334', '40288b854a329988014a329a12f30002', '40288b854a329988014a329a12f30002', '1', '1', '1');
/*!40000 ALTER TABLE `alone_auth_action` ENABLE KEYS */;

-- 导出  表 wlp.alone_auth_actiontree 结构
CREATE TABLE IF NOT EXISTS `alone_auth_actiontree` (
  `ID` varchar(32) NOT NULL,
  `SORT` int(11) NOT NULL,
  `PARENTID` varchar(32) NOT NULL,
  `NAME` varchar(64) NOT NULL,
  `TREECODE` varchar(256) NOT NULL,
  `COMMENTS` varchar(128) DEFAULT NULL,
  `TYPE` char(1) NOT NULL COMMENT '分类、菜单、权限',
  `CTIME` varchar(14) NOT NULL,
  `UTIME` varchar(14) NOT NULL,
  `CUSER` varchar(32) NOT NULL,
  `UUSER` varchar(32) NOT NULL,
  `STATE` char(1) NOT NULL,
  `ACTIONID` varchar(32) DEFAULT NULL,
  `DOMAIN` varchar(64) NOT NULL,
  `ICON` varchar(64) DEFAULT NULL,
  `IMGID` varchar(32) DEFAULT NULL,
  `PARAMS` varchar(128) DEFAULT NULL,
  PRIMARY KEY (`ID`),
  KEY `FK_Reference_7` (`ACTIONID`)
) ENGINE=MyISAM DEFAULT CHARSET=utf8 COMMENT='InnoDB free: 12288 kB; (`action`) REFER `alone/alone_action`';

-- 正在导出表  wlp.alone_auth_actiontree 的数据：22 rows
/*!40000 ALTER TABLE `alone_auth_actiontree` DISABLE KEYS */;
INSERT INTO `alone_auth_actiontree` (`ID`, `SORT`, `PARENTID`, `NAME`, `TREECODE`, `COMMENTS`, `TYPE`, `CTIME`, `UTIME`, `CUSER`, `UUSER`, `STATE`, `ACTIONID`, `DOMAIN`, `ICON`, `IMGID`, `PARAMS`) VALUES
	('40288b854a38974f014a38b93d0a0023', 10, '8a2831b35ac74f63015ae4710d6a005b', '系统日志', '8a2831b35ac74f63015ae4710d6a005b40288b854a38974f014a38b93d0a0023', '', '2', '20141211174111', '20141211174111', '40288b854a329988014a329a12f30002', '40288b854a329988014a329a12f30002', '1', '40288b854a38974f014a38b93d0a0022', 'alone', 'icon-tip', NULL, ''),
	('40288b854a38974f014a38b3a6700018', 2, '40288b854a38408e014a384c4f3c0002', '权限构造', '40288b854a38408e014a384c4f3c000240288b854a38974f014a38b3a6700018', '', '2', '20141211173505', '20141211173505', '40288b854a329988014a329a12f30002', '40288b854a329988014a329a12f30002', '1', '40288b854a38974f014a38b3a6700017', 'alone', 'icon-category', NULL, ''),
	('40288b854a38408e014a384c4f3c0002', 8, 'NONE', '系统配置', '40288b854a38408e014a384c4f3c0002', '', '1', '20141211154212', '20200612190530', '40288b854a329988014a329a12f30002', '40288b854a329988014a329a12f30002', '1', '', 'alone', 'icon-sprocket_dark', NULL, ''),
	('40288b854a38974f014a38bafb830027', 3, '40288b854a38408e014a384c4f3c0002', '参数设置', '40288b854a38408e014a384c4f3c000240288b854a38974f014a38bafb830027', '', '2', '20141211174305', '20151016155834', '40288b854a329988014a329a12f30002', '40288b854a329988014a329a12f30002', '1', '40288b854a38974f014a38bafb830026', 'alone', 'icon-sprocket_dark', NULL, ''),
	('402880ea72b819cc0172ba94d09a0002', 2, '8a2831b35ac74f63015ae472c7ca005c', '标签管理', '8a2831b35ac74f63015ae472c7ca005c402880ea72b819cc0172ba94d09a0002', '', '2', '20200616084334', '20200616084334', '40288b854a329988014a329a12f30002', '40288b854a329988014a329a12f30002', '1', '402880ea72b819cc0172ba94d0990001', 'alone', 'icon-tag', NULL, ''),
	('40288b854a38974f014a38bd26a0002b', 5, '40288b854a38408e014a384c4f3c0002', '数据字典', '40288b854a38408e014a384c4f3c000240288b854a38974f014a38bd26a0002b', '', '2', '20141211174527', '20141211174527', '40288b854a329988014a329a12f30002', '40288b854a329988014a329a12f30002', '1', '40288b854a38974f014a38bd26a0002a', 'alone', 'icon-address-book', NULL, ''),
	('40288b854a38974f014a38be1805002c', 7, 'NONE', '用户管理', '40288b854a38974f014a38be1805002c', '', '1', '20141211174629', '20200612190559', '40288b854a329988014a329a12f30002', '40288b854a329988014a329a12f30002', '1', '', 'alone', 'icon-group_green_edit', NULL, ''),
	('40288b854a38974f014a38beae79002e', 1, '40288b854a38974f014a38be1805002c', '用户管理', '40288b854a38974f014a38be1805002c40288b854a38974f014a38beae79002e', '', '2', '20141211174708', '20141211174708', '40288b854a329988014a329a12f30002', '40288b854a329988014a329a12f30002', '1', '40288b854a38974f014a38beae79002d', 'alone', 'icon-hire-me', NULL, ''),
	('40288b854a38974f014a38bf10fc0030', 2, '40288b854a38974f014a38be1805002c', '组织管理', '40288b854a38974f014a38be1805002c40288b854a38974f014a38bf10fc0030', '', '2', '20141211174733', '20170319103800', '40288b854a329988014a329a12f30002', '40288b854a329988014a329a12f30002', '1', '40288b854a38974f014a38bf10fc002f', 'alone', 'icon-customers', NULL, ''),
	('402888ac506eb41b01506fa9b0a30027', 1, '40288b854a38408e014a384c4f3c0002', '注册参数', '40288b854a38408e014a384c4f3c0002402888ac506eb41b01506fa9b0a30027', '', '2', '20151016160003', '20151016160003', '40288b854a329988014a329a12f30002', '40288b854a329988014a329a12f30002', '1', '40288b854a38974f014a38ba24f90024', 'alone', 'icon-edit', NULL, ''),
	('40288b854a50d918014a50dc82980004', 11, '40288b854a38408e014a384c4f3c0002', '任务调度', '40288b854a38408e014a384c4f3c000240288b854a50d918014a50dc82980004', '', '1', '20141216101036', '20141216101036', '40288b854a329988014a329a12f30002', '40288b854a329988014a329a12f30002', '1', NULL, 'alone', 'icon-application_osx_terminal', NULL, ''),
	('40288b854a50d918014a50def0aa000a', 3, '40288b854a50d918014a50dc82980004', '调度实例', '40288b854a38408e014a384c4f3c000240288b854a50d918014a50dc8298000440288b854a50d918014a50def0aa000a', '', '2', '20141216101315', '20141216101315', '40288b854a329988014a329a12f30002', '40288b854a329988014a329a12f30002', '1', '40288b854a50d918014a50def0aa0009', 'alone', 'icon-future-projects', NULL, ''),
	('402894ca4a9a155d014a9a1790810004', 1, '8a2831b35ac74f63015ae4710d6a005b', '附件管理', '8a2831b35ac74f63015ae4710d6a005b402894ca4a9a155d014a9a1790810004', '', '2', '20141230152723', '20141230152723', '40288b854a329988014a329a12f30002', '40288b854a329988014a329a12f30002', '1', '402894ca4a9a155d014a9a1790810003', 'alone', 'icon-save', NULL, ''),
	('402888a84f835c36014f835f72cb000e', 1, '40288b854a38408e014a384c4f3c0002', '权限定义', '40288b854a38408e014a384c4f3c0002402888a84f835c36014f835f72cb000e', '', '2', '20150831184834', '20150831184834', '40288b854a329988014a329a12f30002', '40288b854a329988014a329a12f30002', '1', '40288b854a38408e014a384de88a0005', 'alone', 'icon-communication', NULL, ''),
	('402888a84f970dad014f971545c3000a', 3, '8a2831b35ac74f63015ae472c7ca005c', '推荐阅读', '8a2831b35ac74f63015ae472c7ca005c402888a84f970dad014f971545c3000a', '', '2', '20150904143957', '20200531205925', '40288b854a329988014a329a12f30002', '40288b854a329988014a329a12f30002', '1', '402888a84f970dad014f971444550009', 'alone', 'icon-upcoming-work', NULL, ''),
	('8a2831b3573c10d0015741b2273c0019', 6, '8a2831b35ac74f63015ae4710d6a005b', '在线用户', '8a2831b35ac74f63015ae4710d6a005b8a2831b3573c10d0015741b2273c0019', '', '2', '20160919170617', '20160919170617', '40288b854a329988014a329a12f30002', '40288b854a329988014a329a12f30002', '1', '8a2831b3573c10d0015741b2273c0018', 'alone', 'icon-group_green_new', NULL, ''),
	('8a2831b35ac74f63015ae4710d6a005b', 9, 'NONE', '运维管理', '8a2831b35ac74f63015ae4710d6a005b', '', '1', '20170319104138', '20200612190510', '40288b854a329988014a329a12f30002', '40288b854a329988014a329a12f30002', '1', '', 'alone', 'icon-showreel', NULL, ''),
	('8a2831b35ac74f63015ae472c7ca005c', 6, 'NONE', '基本设置', '8a2831b35ac74f63015ae472c7ca005c', '', '1', '20170319104331', '20200612190606', '40288b854a329988014a329a12f30002', '40288b854a329988014a329a12f30002', '1', '', 'alone', 'icon-settings', NULL, ''),
	('402889ac5da5d50f015da5d736110001', 15, '8a2831b35ac74f63015ae4710d6a005b', '系统备份向导', '8a2831b35ac74f63015ae4710d6a005b402889ac5da5d50f015da5d736110001', '', '2', '20170803100531', '20170803100623', '40288b854a329988014a329a12f30002', '40288b854a329988014a329a12f30002', '1', '402889ac5da5d50f015da5d736060000', 'alone', 'icon-save', NULL, ''),
	('402880e772a88c460172a88fffa70001', 1, '8a2831b35ac74f63015ae472c7ca005c', '分类管理', '8a2831b35ac74f63015ae472c7ca005c402880e772a88c460172a88fffa70001', '', '2', '20200612204508', '20200616083926', '40288b854a329988014a329a12f30002', '40288b854a329988014a329a12f30002', '1', '402880e772a88c460172a88fff9b0000', 'alone', 'icon-sitemap', NULL, ''),
	('402880ef6046149d0160461a366b0001', 1, '40288b854a50d918014a50dc82980004', '任务定义', '40288b854a38408e014a384c4f3c000240288b854a50d918014a50dc82980004402880ef6046149d0160461a366b0001', '', '2', '20171211230331', '20171211230331', '40288b854a329988014a329a12f30002', '40288b854a329988014a329a12f30002', '1', '40288b854a50d918014a50ddb7400007', 'alone', 'icon-business-contact', NULL, ''),
	('402880ef6046149d0160461aac480002', 2, '40288b854a50d918014a50dc82980004', '触发器定义', '40288b854a38408e014a384c4f3c000240288b854a50d918014a50dc82980004402880ef6046149d0160461aac480002', '', '2', '20171211230401', '20171211230401', '40288b854a329988014a329a12f30002', '40288b854a329988014a329a12f30002', '1', '40288b854a50d918014a50dcfa580005', 'alone', 'icon-full-time', NULL, '');
/*!40000 ALTER TABLE `alone_auth_actiontree` ENABLE KEYS */;

-- 导出  表 wlp.alone_auth_organization 结构
CREATE TABLE IF NOT EXISTS `alone_auth_organization` (
  `ID` varchar(32) NOT NULL,
  `TREECODE` varchar(256) NOT NULL,
  `COMMENTS` varchar(128) DEFAULT NULL,
  `NAME` varchar(64) NOT NULL,
  `CTIME` varchar(14) NOT NULL,
  `UTIME` varchar(14) NOT NULL,
  `STATE` char(1) NOT NULL,
  `CUSER` varchar(32) NOT NULL,
  `MUSER` varchar(32) NOT NULL,
  `PARENTID` varchar(32) DEFAULT NULL,
  `SORT` int(11) DEFAULT NULL,
  `TYPE` char(1) NOT NULL COMMENT '组织类型：1科室、2班组、3队组、0其他',
  `APPID` varchar(32) DEFAULT NULL,
  PRIMARY KEY (`ID`)
) ENGINE=MyISAM DEFAULT CHARSET=utf8 COMMENT='组织类型：科室、班组、队组、其他';

-- 正在导出表  wlp.alone_auth_organization 的数据：3 rows
/*!40000 ALTER TABLE `alone_auth_organization` DISABLE KEYS */;
INSERT INTO `alone_auth_organization` (`ID`, `TREECODE`, `COMMENTS`, `NAME`, `CTIME`, `UTIME`, `STATE`, `CUSER`, `MUSER`, `PARENTID`, `SORT`, `TYPE`, `APPID`) VALUES
	('bbee57336ac528f8016ad5101d1205f3', 'bbee57336ac528f8016ad5101d1205f3', '', '美世教育', '20190520194604', '20190520194642', '1', '40288b854a329988014a329a12f30002', '40288b854a329988014a329a12f30002', 'NONE', 1, '1', NULL),
	('2c948a8270ed2e1f0170ed4340a5000d', '2c948a8270ed2e1f0170ed2f5c6100012c948a8270ed2e1f0170ed4340a5000d', '', '美世二级目录', '20200318184932', '20200318184932', '1', '40288b854a329988014a329a12f30002', '40288b854a329988014a329a12f30002', '2c948a8270ed2e1f0170ed2f5c610001', 1, '1', NULL),
	('2c948a8270ed2e1f0170ed2f5c610001', '2c948a8270ed2e1f0170ed2f5c610001', '', '机构测试', '20200318182748', '20200318182748', '1', '40288b854a329988014a329a12f30002', '40288b854a329988014a329a12f30002', 'NONE', 3, '1', NULL);
/*!40000 ALTER TABLE `alone_auth_organization` ENABLE KEYS */;

-- 导出  表 wlp.alone_auth_outuser 结构
CREATE TABLE IF NOT EXISTS `alone_auth_outuser` (
  `ID` varchar(32) NOT NULL,
  `CTIME` varchar(16) NOT NULL,
  `PSTATE` varchar(2) NOT NULL,
  `PCONTENT` varchar(128) DEFAULT NULL,
  `USERID` varchar(32) DEFAULT NULL,
  `ACCOUNTID` varchar(64) NOT NULL,
  `ACCOUNTNAME` varchar(64) NOT NULL,
  PRIMARY KEY (`ID`),
  KEY `FK_Reference_54` (`USERID`)
) ENGINE=MyISAM DEFAULT CHARSET=utf8;

-- 正在导出表  wlp.alone_auth_outuser 的数据：4 rows
/*!40000 ALTER TABLE `alone_auth_outuser` DISABLE KEYS */;
INSERT INTO `alone_auth_outuser` (`ID`, `CTIME`, `PSTATE`, `PCONTENT`, `USERID`, `ACCOUNTID`, `ACCOUNTNAME`) VALUES
	('402881e66e6f78c6016e6fb0bd58005c', '20191115233124', '1', 'QQ开放应用', '402881e66e6f78c6016e6fe87fb70079', '3D8D74FBD781EBDFC2FDB4DEF20F4ABD', '陌世繁华'),
	('402881e66e6f78c6016e6f8e3846001a', '20191115225341', '1', 'QQ开放应用', '40288b854a329988014a329a12f30002', 'C6DEF91A45AE253B50D012B9EFAF323C', 'WCP'),
	('402880e8719622d301719650277d000a', '20200420143927', '1', 'CAS', '2c948a8270ed2e1f0170ed2fcfb40003', 'demo', 'demo'),
	('402880e871968e8e017196961f5b0001', '20200420155553', '1', 'CAS', '402880e8719728f80171973f0a5a0005', 'text', 'text');
/*!40000 ALTER TABLE `alone_auth_outuser` ENABLE KEYS */;

-- 导出  表 wlp.alone_auth_pop 结构
CREATE TABLE IF NOT EXISTS `alone_auth_pop` (
  `ID` varchar(32) NOT NULL,
  `POPTYPE` varchar(1) NOT NULL COMMENT '1人、2组织机构、3岗位',
  `OID` varchar(32) NOT NULL COMMENT '人ID、组织机构ID、岗位ID',
  `ONAME` varchar(128) NOT NULL COMMENT '人NAME、组织机构NAME、岗位NAME',
  `TARGETTYPE` varchar(64) NOT NULL COMMENT '权限业务类型',
  `TARGETID` varchar(32) NOT NULL COMMENT '权限业务ID',
  `TARGETNAME` varchar(128) DEFAULT NULL,
  `CTIME` varchar(16) NOT NULL,
  `CUSERNAME` varchar(64) NOT NULL,
  `CUSER` varchar(32) NOT NULL,
  `PSTATE` varchar(2) NOT NULL,
  `PCONTENT` varchar(128) DEFAULT NULL,
  PRIMARY KEY (`ID`)
) ENGINE=MyISAM DEFAULT CHARSET=utf8;

-- 正在导出表  wlp.alone_auth_pop 的数据：13 rows
/*!40000 ALTER TABLE `alone_auth_pop` DISABLE KEYS */;
INSERT INTO `alone_auth_pop` (`ID`, `POPTYPE`, `OID`, `ONAME`, `TARGETTYPE`, `TARGETID`, `TARGETNAME`, `CTIME`, `CUSERNAME`, `CUSER`, `PSTATE`, `PCONTENT`) VALUES
	('2c902a8d67085e660167087867b70070', '1', '40288b854a329988014a329a12f30002', '系统管理员', 'FARM_SPECIAL', '2c902a8d67085e660167087759a20067', '知识专题演示', '20181112230927', '系统管理员', '40288b854a329988014a329a12f30002', '1', NULL),
	('2c902a8d68d178390168d1fe87800229', '1', '40288b854a329988014a329a12f30002', '系统管理员', 'FARM_SPECIAL', '2c902a8d68d178390168d1fd5103021f', '财经知识', '20190209192225', '系统管理员', '40288b854a329988014a329a12f30002', '1', NULL),
	('2c902a8d68d178390168d1fea78b022a', '1', '40288b854a329988014a329a12f30002', '系统管理员', 'FARM_SPECIAL', '2c902a8d68d178390168d1fe6bda0225', 'lnstagram优选', '20190209192233', '系统管理员', '40288b854a329988014a329a12f30002', '1', NULL),
	('4028b8816d2b3ed5016d2b432564003a', '1', '40288b854a329988014a329a12f30002', '系统管理员', 'FARM_SPECIAL', '4028b8816d2b3ed5016d2b4300c00036', '啊师傅大', '20190913233443', '系统管理员', '40288b854a329988014a329a12f30002', '1', NULL),
	('4028b8816df3851c016df3c71ed20052', '1', '40288b854a329988014a329a12f30002', '系统管理员', 'FARM_SPECIAL', '4028b8816df3851c016df3c6a34a004e', '測試', '20191022220255', '系统管理员', '40288b854a329988014a329a12f30002', '1', NULL),
	('402881e66e819e38016e819fad0f0002', '1', '40288b854a329988014a329a12f30002', '系统管理员', 'FARM_SPECIAL', '402881e66e2f728a016e2fc2ec91000f', '123123', '20191119110555', '系统管理员', '40288b854a329988014a329a12f30002', '1', NULL),
	('402881e66e819e38016e81a6b8bc002e', '1', '40288b854a329988014a329a12f30002', '系统管理员', 'FARM_SPECIAL', '402881e66e819e38016e81a51b63000a', '4', '20191119111337', '系统管理员', '40288b854a329988014a329a12f30002', '1', NULL),
	('402881e66e819e38016e81a6b8c6002f', '1', '40288b854a329988014a329a12f30002', '系统管理员', 'FARM_SPECIAL', '402881e66e819e38016e81a52e2d000e', '5', '20191119111337', '系统管理员', '40288b854a329988014a329a12f30002', '1', NULL),
	('402881e66e819e38016e81a6b8ce0030', '1', '40288b854a329988014a329a12f30002', '系统管理员', 'FARM_SPECIAL', '402881e66e819e38016e81a53eee0012', '6', '20191119111337', '系统管理员', '40288b854a329988014a329a12f30002', '1', NULL),
	('402881e66e819e38016e81a6b8d90031', '1', '40288b854a329988014a329a12f30002', '系统管理员', 'FARM_SPECIAL', '402881e66e819e38016e81a552290016', '7', '20191119111337', '系统管理员', '40288b854a329988014a329a12f30002', '1', NULL),
	('402881e66e819e38016e81a6b8e20032', '1', '40288b854a329988014a329a12f30002', '系统管理员', 'FARM_SPECIAL', '402881e66e819e38016e81a562e7001a', '8', '20191119111337', '系统管理员', '40288b854a329988014a329a12f30002', '1', NULL),
	('402881e66e819e38016e81a6b8ed0033', '1', '40288b854a329988014a329a12f30002', '系统管理员', 'FARM_SPECIAL', '402881e66e819e38016e81a5729d001e', '9', '20191119111337', '系统管理员', '40288b854a329988014a329a12f30002', '1', NULL),
	('402881e66e819e38016e81a6b8f80034', '1', '40288b854a329988014a329a12f30002', '系统管理员', 'FARM_SPECIAL', '402881e66e819e38016e81a581d10022', '10', '20191119111337', '系统管理员', '40288b854a329988014a329a12f30002', '1', NULL);
/*!40000 ALTER TABLE `alone_auth_pop` ENABLE KEYS */;

-- 导出  表 wlp.alone_auth_post 结构
CREATE TABLE IF NOT EXISTS `alone_auth_post` (
  `ID` varchar(32) NOT NULL,
  `CTIME` varchar(16) NOT NULL,
  `ETIME` varchar(16) NOT NULL,
  `CUSERNAME` varchar(64) NOT NULL,
  `CUSER` varchar(32) NOT NULL,
  `EUSERNAME` varchar(64) NOT NULL,
  `EUSER` varchar(32) NOT NULL,
  `PSTATE` varchar(2) NOT NULL,
  `ORGANIZATIONID` varchar(32) NOT NULL,
  `NAME` varchar(64) NOT NULL,
  `EXTENDIS` varchar(2) NOT NULL COMMENT '0:否1:是（默认否）',
  PRIMARY KEY (`ID`),
  KEY `FK_Reference_51` (`ORGANIZATIONID`)
) ENGINE=MyISAM DEFAULT CHARSET=utf8;

-- 正在导出表  wlp.alone_auth_post 的数据：20 rows
/*!40000 ALTER TABLE `alone_auth_post` DISABLE KEYS */;
INSERT INTO `alone_auth_post` (`ID`, `CTIME`, `ETIME`, `CUSERNAME`, `CUSER`, `EUSERNAME`, `EUSER`, `PSTATE`, `ORGANIZATIONID`, `NAME`, `EXTENDIS`) VALUES
	('8a8181a95b655263015b74bed49e0009', '20170416111155', '20190807125953', '系统管理员', '40288b854a329988014a329a12f30002', '系统管理员', '40288b854a329988014a329a12f30002', '1', '8a8181a95b655263015b74bd2eee0005', '副董事长（所有）', '2'),
	('8a8181a95b655263015b74c407ec0017', '20170416111735', '20170416114114', '系统管理员', '40288b854a329988014a329a12f30002', '王松亮', '8a8181a95b655263015b74c4aafd0019', '1', '8a8181a95b655263015b74c271580013', '部门经理', '0'),
	('8a8181a95b655263015b74c442ba0018', '20170416111750', '20170416111750', '系统管理员', '40288b854a329988014a329a12f30002', '系统管理员', '40288b854a329988014a329a12f30002', '1', '8a8181a95b655263015b74c271580013', '研发工程师', '0'),
	('8a8181a95b655263015b74dd20540084', '20170416114500', '20170416114500', '王松亮', '8a8181a95b655263015b74c4aafd0019', '王松亮', '8a8181a95b655263015b74c4aafd0019', '1', '8a8181a95b655263015b74c23b7a0012', '部门经理', '0'),
	('8a8181a95b75b2f2015b75b5e5a60007', '20170416154146', '20170416154146', '系统管理员', '40288b854a329988014a329a12f30002', '系统管理员', '40288b854a329988014a329a12f30002', '1', '8a8181a95b655263015b74c271580013', '系统管理员', '0'),
	('8a8181a95b75bfcb015b7ad598810115', '20170417153430', '20170417153430', '王松亮', '8a8181a95b655263015b74c4aafd0019', '王松亮', '8a8181a95b655263015b74c4aafd0019', '1', '8a8181a95b655263015b74bd7ba60006', '总经理', '0'),
	('8a8181a95b75bfcb015b7b81434e06ca', '20170417184200', '20170417184200', '王松亮', '8a8181a95b655263015b74c4aafd0019', '王松亮', '8a8181a95b655263015b74c4aafd0019', '1', '8a8181a95b655263015b74c16651000f', '部门经理', '0'),
	('8a8181a95b75bfcb015b7b818c2006cb', '20170417184219', '20170417184219', '王松亮', '8a8181a95b655263015b74c4aafd0019', '王松亮', '8a8181a95b655263015b74c4aafd0019', '1', '8a8181a95b655263015b74c16651000f', '财务人员', '0'),
	('8a8181a95b75bfcb015b7b8203de06cc', '20170417184249', '20170417184249', '王松亮', '8a8181a95b655263015b74c4aafd0019', '王松亮', '8a8181a95b655263015b74c4aafd0019', '1', '8a8181a95b655263015b74c19be10010', '部门经理', '0'),
	('8a8181a95b75bfcb015b7b8225cf06cd', '20170417184258', '20170417184258', '王松亮', '8a8181a95b655263015b74c4aafd0019', '王松亮', '8a8181a95b655263015b74c4aafd0019', '1', '8a8181a95b655263015b74c19be10010', '商务专员', '0'),
	('8a8181a95b75bfcb015b7b837c2806d2', '20170417184426', '20170417184426', '王松亮', '8a8181a95b655263015b74c4aafd0019', '王松亮', '8a8181a95b655263015b74c4aafd0019', '1', '8a8181a95b655263015b74bd7ba60006', '总工程师', '0'),
	('8a8181a95b75bfcb015b7b8395ff06d3', '20170417184432', '20170417184432', '王松亮', '8a8181a95b655263015b74c4aafd0019', '王松亮', '8a8181a95b655263015b74c4aafd0019', '1', '8a8181a95b655263015b74bd7ba60006', '总会计师', '0'),
	('8a8181a95b75bfcb015b7b9107ef0832', '20170417185914', '20170417185914', '王松亮', '8a8181a95b655263015b74c4aafd0019', '王松亮', '8a8181a95b655263015b74c4aafd0019', '1', '8a8181a95b655263015b74c23b7a0012', '运维工程师', '0'),
	('8a8181a95b75bfcb015b7b91479d0833', '20170417185930', '20170417185930', '王松亮', '8a8181a95b655263015b74c4aafd0019', '王松亮', '8a8181a95b655263015b74c4aafd0019', '1', '8a8181a95b655263015b74c03bc8000b', '金融服务', '0'),
	('8a8181a95b75bfcb015b7b915bf70834', '20170417185935', '20170417185935', '王松亮', '8a8181a95b655263015b74c4aafd0019', '王松亮', '8a8181a95b655263015b74c4aafd0019', '1', '8a8181a95b655263015b74c03bc8000b', '部门经理', '0'),
	('8a8181a95b9e620c015ba3d70d9b0671', '20170425144031', '20170425144031', '曹迎芳', '8a8181a95b75bfcb015b7664961d005e', '曹迎芳', '8a8181a95b75bfcb015b7664961d005e', '1', '8a8181a95b655263015b74c19be10010', '商务主管', '0'),
	('2c909b2b602c54c801602c6e5f4e0005', '20171206232519', '20190807125915', '系统管理员', '40288b854a329988014a329a12f30002', '系统管理员', '40288b854a329988014a329a12f30002', '1', '8a8181a95b655263015b74bcc2950004', '测试组(当前)', '0'),
	('2c909b2b667bb57401667bc4bd4e0088', '20181016152623', '20190807125937', '系统管理员', '40288b854a329988014a329a12f30002', '系统管理员', '40288b854a329988014a329a12f30002', '1', '8a8181a95b655263015b74bcc2950004', '测试管理员（当前）', '0'),
	('2c902a8d67085e66016708972b530109', '20181112234304', '20190807125930', '系统管理员', '40288b854a329988014a329a12f30002', '系统管理员', '40288b854a329988014a329a12f30002', '1', '8a8181a95b655263015b74bcc2950004', '无权限（子）', '1'),
	('402881e66ed547fc016ed57f6d87003f', '20191205175848', '20191205175848', '系统管理员', '40288b854a329988014a329a12f30002', '系统管理员', '40288b854a329988014a329a12f30002', '1', 'bbee57336ac528f8016ad5101d1205f3', '分类管理', '2');
/*!40000 ALTER TABLE `alone_auth_post` ENABLE KEYS */;

-- 导出  表 wlp.alone_auth_postaction 结构
CREATE TABLE IF NOT EXISTS `alone_auth_postaction` (
  `ID` varchar(32) NOT NULL,
  `MENUID` varchar(32) NOT NULL,
  `POSTID` varchar(32) NOT NULL,
  PRIMARY KEY (`ID`),
  KEY `FK_Reference_8` (`MENUID`),
  KEY `FK_Reference_9` (`POSTID`)
) ENGINE=MyISAM DEFAULT CHARSET=utf8 COMMENT='InnoDB free: 12288 kB; (`actionid`) REFER `alone/alone_actio';

-- 正在导出表  wlp.alone_auth_postaction 的数据：240 rows
/*!40000 ALTER TABLE `alone_auth_postaction` DISABLE KEYS */;
INSERT INTO `alone_auth_postaction` (`ID`, `MENUID`, `POSTID`) VALUES
	('8a8181a95b655263015b74c51959001c', '40288b854a38408e014a384c4f3c0002', '8a8181a95b655263015b74c407ec0017'),
	('8a8181a95b655263015b74c51959001d', '402888ac506eb41b01506fa9b0a30027', '8a8181a95b655263015b74c407ec0017'),
	('8a8181a95b655263015b74c51959001e', '402888a84f835c36014f835f72cb000e', '8a8181a95b655263015b74c407ec0017'),
	('8a8181a95b655263015b74c51959001f', '40288b854a38974f014a38b3a6700018', '8a8181a95b655263015b74c407ec0017'),
	('8a8181a95b655263015b74c519590020', '40288b854a38974f014a38bafb830027', '8a8181a95b655263015b74c407ec0017'),
	('8a8181a95b655263015b74c519590021', '40288b854a38974f014a38bb431b0029', '8a8181a95b655263015b74c407ec0017'),
	('8a8181a95b655263015b74c519590022', '40288b854a38974f014a38bd26a0002b', '8a8181a95b655263015b74c407ec0017'),
	('8a8181a95b655263015b74c519590023', '8a2831b3573c10d0015741b2273c0019', '8a8181a95b655263015b74c407ec0017'),
	('8a8181a95b655263015b74c519590024', '40288b854a38974f014a38b93d0a0023', '8a8181a95b655263015b74c407ec0017'),
	('8a8181a95b655263015b74c519590025', '40288b854a50d918014a50dc82980004', '8a8181a95b655263015b74c407ec0017'),
	('8a8181a95b655263015b74c519590026', '40288b854a50d918014a50def0aa000a', '8a8181a95b655263015b74c407ec0017'),
	('8a8181a95b655263015b74c519590027', '40288b854a38974f014a38be1805002c', '8a8181a95b655263015b74c407ec0017'),
	('8a8181a95b655263015b74c519590028', '40288b854a38974f014a38beae79002e', '8a8181a95b655263015b74c407ec0017'),
	('8a8181a95b655263015b74c519590029', '40288b854a38974f014a38bf10fc0030', '8a8181a95b655263015b74c407ec0017'),
	('8a8181a95b655263015b74c51959002a', '402888a8509d16e201509d1a934d000a', '8a8181a95b655263015b74c407ec0017'),
	('8a8181a95b655263015b74c51959002b', '402888a850bcceeb0150bcd86c2e000a', '8a8181a95b655263015b74c407ec0017'),
	('8a8181a95b655263015b74c51959002c', '8a2831b35ac74f63015ae472c7ca005c', '8a8181a95b655263015b74c407ec0017'),
	('8a8181a95b655263015b74c51959002d', '402894ca4a9a155d014a9a1790810004', '8a8181a95b655263015b74c407ec0017'),
	('8a8181a95b655263015b74c51959002e', '402894ca4a9a155d014a9a1a8de3000c', '8a8181a95b655263015b74c407ec0017'),
	('8a8181a95b655263015b74c51959002f', '402888a84f970dad014f971545c3000a', '8a8181a95b655263015b74c407ec0017'),
	('8a8181a95b655263015b74c519590030', '402888a850472ac50150472e2d14000a', '8a8181a95b655263015b74c407ec0017'),
	('8a8181a95b655263015b74c519590031', '402894ca4a9a155d014a9a16561d0002', '8a8181a95b655263015b74c407ec0017'),
	('8a8181a95b655263015b74c519590032', '402889ac5b2782a6015b281052a50061', '8a8181a95b655263015b74c407ec0017'),
	('8a8181a95b655263015b74c519590033', '8a2831b3563f530701563f5821e40001', '8a8181a95b655263015b74c407ec0017'),
	('8a8181a95b655263015b74c519590034', '402894ca4a9a155d014a9a1905200008', '8a8181a95b655263015b74c407ec0017'),
	('8a8181a95b655263015b74c519590035', '402894ca4a9a155d014a9a1afe60000e', '8a8181a95b655263015b74c407ec0017'),
	('8a8181a95b655263015b74c519590036', '8a2831b35ac74f63015ae46fbe760059', '8a8181a95b655263015b74c407ec0017'),
	('8a8181a95b655263015b74c519590037', '8a2831b35ac74f63015ae477e873005e', '8a8181a95b655263015b74c407ec0017'),
	('8a8181a95b655263015b74c519590038', '8a2831b355de72390155de777b700013', '8a8181a95b655263015b74c407ec0017'),
	('8a8181a95b655263015b74c519590039', '8a2831b355de72390155de787d000015', '8a8181a95b655263015b74c407ec0017'),
	('8a8181a95b655263015b74c51959003a', '8a2831b35ac74f63015ae4710d6a005b', '8a8181a95b655263015b74c407ec0017'),
	('8a8181a95b655263015b74c51969003b', '8a2831b3577bd11201578a0a22ef0036', '8a8181a95b655263015b74c407ec0017'),
	('8a8181a95b655263015b74c51969003c', '402894ca4ae0e797014ae1ab12120032', '8a8181a95b655263015b74c407ec0017'),
	('8a8181a95b655263015b74c51969003d', '8a2831b35ac74f63015ae47881d30060', '8a8181a95b655263015b74c407ec0017'),
	('8a8181a95b655263015b74dd82ed00be', '8a2831b355de72390155de777b700013', '8a8181a95b655263015b74dd20540084'),
	('8a8181a95b655263015b74dd82ed00bd', '8a2831b35ac74f63015ae477e873005e', '8a8181a95b655263015b74dd20540084'),
	('8a8181a95b655263015b74dd82ed00bc', '8a2831b35ac74f63015ae46fbe760059', '8a8181a95b655263015b74dd20540084'),
	('8a8181a95b655263015b74dd82ed00bb', '402894ca4a9a155d014a9a1afe60000e', '8a8181a95b655263015b74dd20540084'),
	('8a8181a95b655263015b74dd82ed00ba', '402894ca4a9a155d014a9a1905200008', '8a8181a95b655263015b74dd20540084'),
	('8a8181a95b655263015b74dd82ed00b9', '8a2831b3563f530701563f5821e40001', '8a8181a95b655263015b74dd20540084'),
	('8a8181a95b655263015b74dd82ed00b8', '402889ac5b2782a6015b281052a50061', '8a8181a95b655263015b74dd20540084'),
	('8a8181a95b655263015b74dd82ed00b7', '402894ca4a9a155d014a9a16561d0002', '8a8181a95b655263015b74dd20540084'),
	('8a8181a95b655263015b74dd82ed00b6', '402888a850472ac50150472e2d14000a', '8a8181a95b655263015b74dd20540084'),
	('8a8181a95b655263015b74dd82ed00b5', '402888a84f970dad014f971545c3000a', '8a8181a95b655263015b74dd20540084'),
	('8a8181a95b655263015b74dd82ed00b4', '402894ca4a9a155d014a9a1a8de3000c', '8a8181a95b655263015b74dd20540084'),
	('8a8181a95b655263015b74dd82ed00b3', '402894ca4a9a155d014a9a1790810004', '8a8181a95b655263015b74dd20540084'),
	('8a8181a95b655263015b74dd82ed00b2', '8a2831b35ac74f63015ae472c7ca005c', '8a8181a95b655263015b74dd20540084'),
	('8a8181a95b655263015b74dd82ed00b1', '402888a850bcceeb0150bcd86c2e000a', '8a8181a95b655263015b74dd20540084'),
	('8a8181a95b655263015b74dd82ed00b0', '402888a8509d16e201509d1a934d000a', '8a8181a95b655263015b74dd20540084'),
	('8a8181a95b655263015b74dd82ed00af', '40288b854a38974f014a38bf10fc0030', '8a8181a95b655263015b74dd20540084'),
	('8a8181a95b655263015b74dd82ed00ae', '40288b854a38974f014a38beae79002e', '8a8181a95b655263015b74dd20540084'),
	('8a8181a95b655263015b74dd82ed00ad', '40288b854a38974f014a38be1805002c', '8a8181a95b655263015b74dd20540084'),
	('8a8181a95b655263015b74dd82ed00ac', '40288b854a50d918014a50def0aa000a', '8a8181a95b655263015b74dd20540084'),
	('8a8181a95b655263015b74dd82ed00ab', '40288b854a50d918014a50dc82980004', '8a8181a95b655263015b74dd20540084'),
	('8a8181a95b655263015b74dd82ed00aa', '40288b854a38974f014a38b93d0a0023', '8a8181a95b655263015b74dd20540084'),
	('8a8181a95b655263015b74dd82ed00a9', '8a2831b3573c10d0015741b2273c0019', '8a8181a95b655263015b74dd20540084'),
	('8a8181a95b655263015b74dd82ed00a8', '40288b854a38974f014a38bd26a0002b', '8a8181a95b655263015b74dd20540084'),
	('8a8181a95b655263015b74dd82ed00a7', '40288b854a38974f014a38bb431b0029', '8a8181a95b655263015b74dd20540084'),
	('8a8181a95b655263015b74dd82ed00a6', '40288b854a38974f014a38bafb830027', '8a8181a95b655263015b74dd20540084'),
	('8a8181a95b655263015b74dd82ed00a5', '40288b854a38974f014a38b3a6700018', '8a8181a95b655263015b74dd20540084'),
	('8a8181a95b655263015b74dd82ed00a4', '402888a84f835c36014f835f72cb000e', '8a8181a95b655263015b74dd20540084'),
	('8a8181a95b655263015b74dd82ed00a3', '402888ac506eb41b01506fa9b0a30027', '8a8181a95b655263015b74dd20540084'),
	('8a8181a95b655263015b74dd82ed00a2', '40288b854a38408e014a384c4f3c0002', '8a8181a95b655263015b74dd20540084'),
	('8a8181a95b655263015b74dd82ed00bf', '8a2831b355de72390155de787d000015', '8a8181a95b655263015b74dd20540084'),
	('8a8181a95b655263015b74dd82ed00c0', '8a2831b35ac74f63015ae4710d6a005b', '8a8181a95b655263015b74dd20540084'),
	('8a8181a95b655263015b74dd82ed00c1', '8a2831b3577bd11201578a0a22ef0036', '8a8181a95b655263015b74dd20540084'),
	('8a8181a95b655263015b74dd82ed00c2', '402894ca4ae0e797014ae1ab12120032', '8a8181a95b655263015b74dd20540084'),
	('8a8181a95b655263015b74dd82ed00c3', '8a2831b35ac74f63015ae47881d30060', '8a8181a95b655263015b74dd20540084'),
	('8a8181a95b75b2f2015b75b612700008', '40288b854a38408e014a384c4f3c0002', '8a8181a95b75b2f2015b75b5e5a60007'),
	('8a8181a95b75b2f2015b75b612700009', '402888ac506eb41b01506fa9b0a30027', '8a8181a95b75b2f2015b75b5e5a60007'),
	('8a8181a95b75b2f2015b75b61270000a', '402888a84f835c36014f835f72cb000e', '8a8181a95b75b2f2015b75b5e5a60007'),
	('8a8181a95b75b2f2015b75b61270000b', '40288b854a38974f014a38b3a6700018', '8a8181a95b75b2f2015b75b5e5a60007'),
	('8a8181a95b75b2f2015b75b61270000c', '40288b854a38974f014a38bafb830027', '8a8181a95b75b2f2015b75b5e5a60007'),
	('8a8181a95b75b2f2015b75b61270000d', '40288b854a38974f014a38bb431b0029', '8a8181a95b75b2f2015b75b5e5a60007'),
	('8a8181a95b75b2f2015b75b61270000e', '40288b854a38974f014a38bd26a0002b', '8a8181a95b75b2f2015b75b5e5a60007'),
	('8a8181a95b75b2f2015b75b61270000f', '8a2831b3573c10d0015741b2273c0019', '8a8181a95b75b2f2015b75b5e5a60007'),
	('8a8181a95b75b2f2015b75b612700010', '40288b854a38974f014a38b93d0a0023', '8a8181a95b75b2f2015b75b5e5a60007'),
	('8a8181a95b75b2f2015b75b612700011', '40288b854a50d918014a50dc82980004', '8a8181a95b75b2f2015b75b5e5a60007'),
	('8a8181a95b75b2f2015b75b612700012', '40288b854a50d918014a50def0aa000a', '8a8181a95b75b2f2015b75b5e5a60007'),
	('8a8181a95b75b2f2015b75b612700013', '40288b854a38974f014a38be1805002c', '8a8181a95b75b2f2015b75b5e5a60007'),
	('8a8181a95b75b2f2015b75b612700014', '40288b854a38974f014a38beae79002e', '8a8181a95b75b2f2015b75b5e5a60007'),
	('8a8181a95b75b2f2015b75b612700015', '40288b854a38974f014a38bf10fc0030', '8a8181a95b75b2f2015b75b5e5a60007'),
	('8a8181a95b75b2f2015b75b612700016', '402888a8509d16e201509d1a934d000a', '8a8181a95b75b2f2015b75b5e5a60007'),
	('8a8181a95b75b2f2015b75b612700017', '402888a850bcceeb0150bcd86c2e000a', '8a8181a95b75b2f2015b75b5e5a60007'),
	('8a8181a95b75b2f2015b75b612700018', '8a2831b35ac74f63015ae472c7ca005c', '8a8181a95b75b2f2015b75b5e5a60007'),
	('8a8181a95b75b2f2015b75b612700019', '402894ca4a9a155d014a9a1790810004', '8a8181a95b75b2f2015b75b5e5a60007'),
	('8a8181a95b75b2f2015b75b61270001a', '402894ca4a9a155d014a9a1a8de3000c', '8a8181a95b75b2f2015b75b5e5a60007'),
	('8a8181a95b75b2f2015b75b61280001b', '402888a84f970dad014f971545c3000a', '8a8181a95b75b2f2015b75b5e5a60007'),
	('8a8181a95b75b2f2015b75b61280001c', '402888a850472ac50150472e2d14000a', '8a8181a95b75b2f2015b75b5e5a60007'),
	('8a8181a95b75b2f2015b75b61280001d', '402894ca4a9a155d014a9a16561d0002', '8a8181a95b75b2f2015b75b5e5a60007'),
	('8a8181a95b75b2f2015b75b61280001e', '402889ac5b2782a6015b281052a50061', '8a8181a95b75b2f2015b75b5e5a60007'),
	('8a8181a95b75b2f2015b75b61280001f', '8a2831b3563f530701563f5821e40001', '8a8181a95b75b2f2015b75b5e5a60007'),
	('8a8181a95b75b2f2015b75b612800020', '402894ca4a9a155d014a9a1905200008', '8a8181a95b75b2f2015b75b5e5a60007'),
	('8a8181a95b75b2f2015b75b612800021', '402894ca4a9a155d014a9a1afe60000e', '8a8181a95b75b2f2015b75b5e5a60007'),
	('8a8181a95b75b2f2015b75b612800022', '8a2831b35ac74f63015ae46fbe760059', '8a8181a95b75b2f2015b75b5e5a60007'),
	('8a8181a95b75b2f2015b75b612800023', '8a2831b35ac74f63015ae477e873005e', '8a8181a95b75b2f2015b75b5e5a60007'),
	('8a8181a95b75b2f2015b75b612800024', '8a2831b355de72390155de777b700013', '8a8181a95b75b2f2015b75b5e5a60007'),
	('8a8181a95b75b2f2015b75b612800025', '8a2831b355de72390155de787d000015', '8a8181a95b75b2f2015b75b5e5a60007'),
	('8a8181a95b75b2f2015b75b612800026', '8a2831b35ac74f63015ae4710d6a005b', '8a8181a95b75b2f2015b75b5e5a60007'),
	('8a8181a95b75b2f2015b75b612800027', '8a2831b3577bd11201578a0a22ef0036', '8a8181a95b75b2f2015b75b5e5a60007'),
	('8a8181a95b75b2f2015b75b612800028', '402894ca4ae0e797014ae1ab12120032', '8a8181a95b75b2f2015b75b5e5a60007'),
	('8a8181a95b75b2f2015b75b612800029', '8a2831b35ac74f63015ae47881d30060', '8a8181a95b75b2f2015b75b5e5a60007'),
	('8a8181a95b75bfcb015b7ad5ca4a0116', '40288b854a38408e014a384c4f3c0002', '8a8181a95b75bfcb015b7ad598810115'),
	('8a8181a95b75bfcb015b7ad5ca4a0117', '402888ac506eb41b01506fa9b0a30027', '8a8181a95b75bfcb015b7ad598810115'),
	('8a8181a95b75bfcb015b7ad5ca4a0118', '402888a84f835c36014f835f72cb000e', '8a8181a95b75bfcb015b7ad598810115'),
	('8a8181a95b75bfcb015b7ad5ca4a0119', '40288b854a38974f014a38b3a6700018', '8a8181a95b75bfcb015b7ad598810115'),
	('8a8181a95b75bfcb015b7ad5ca4a011a', '40288b854a38974f014a38bafb830027', '8a8181a95b75bfcb015b7ad598810115'),
	('8a8181a95b75bfcb015b7ad5ca4a011b', '40288b854a38974f014a38bb431b0029', '8a8181a95b75bfcb015b7ad598810115'),
	('8a8181a95b75bfcb015b7ad5ca4a011c', '40288b854a38974f014a38bd26a0002b', '8a8181a95b75bfcb015b7ad598810115'),
	('8a8181a95b75bfcb015b7ad5ca4a011d', '8a2831b3573c10d0015741b2273c0019', '8a8181a95b75bfcb015b7ad598810115'),
	('8a8181a95b75bfcb015b7ad5ca4a011e', '40288b854a38974f014a38b93d0a0023', '8a8181a95b75bfcb015b7ad598810115'),
	('8a8181a95b75bfcb015b7ad5ca4a011f', '40288b854a50d918014a50dc82980004', '8a8181a95b75bfcb015b7ad598810115'),
	('8a8181a95b75bfcb015b7ad5ca4a0120', '40288b854a50d918014a50def0aa000a', '8a8181a95b75bfcb015b7ad598810115'),
	('8a8181a95b75bfcb015b7ad5ca4a0121', '40288b854a38974f014a38be1805002c', '8a8181a95b75bfcb015b7ad598810115'),
	('8a8181a95b75bfcb015b7ad5ca4a0122', '40288b854a38974f014a38beae79002e', '8a8181a95b75bfcb015b7ad598810115'),
	('8a8181a95b75bfcb015b7ad5ca4a0123', '40288b854a38974f014a38bf10fc0030', '8a8181a95b75bfcb015b7ad598810115'),
	('8a8181a95b75bfcb015b7ad5ca4a0124', '402888a8509d16e201509d1a934d000a', '8a8181a95b75bfcb015b7ad598810115'),
	('8a8181a95b75bfcb015b7ad5ca4a0125', '402888a850bcceeb0150bcd86c2e000a', '8a8181a95b75bfcb015b7ad598810115'),
	('8a8181a95b75bfcb015b7ad5ca4a0126', '8a2831b35ac74f63015ae472c7ca005c', '8a8181a95b75bfcb015b7ad598810115'),
	('8a8181a95b75bfcb015b7ad5ca4a0127', '402894ca4a9a155d014a9a1790810004', '8a8181a95b75bfcb015b7ad598810115'),
	('8a8181a95b75bfcb015b7ad5ca4a0128', '402894ca4a9a155d014a9a1a8de3000c', '8a8181a95b75bfcb015b7ad598810115'),
	('8a8181a95b75bfcb015b7ad5ca4a0129', '402888a84f970dad014f971545c3000a', '8a8181a95b75bfcb015b7ad598810115'),
	('8a8181a95b75bfcb015b7ad5ca4a012a', '402888a850472ac50150472e2d14000a', '8a8181a95b75bfcb015b7ad598810115'),
	('8a8181a95b75bfcb015b7ad5ca4a012b', '402894ca4a9a155d014a9a16561d0002', '8a8181a95b75bfcb015b7ad598810115'),
	('8a8181a95b75bfcb015b7ad5ca4a012c', '402889ac5b2782a6015b281052a50061', '8a8181a95b75bfcb015b7ad598810115'),
	('8a8181a95b75bfcb015b7ad5ca4a012d', '8a2831b3563f530701563f5821e40001', '8a8181a95b75bfcb015b7ad598810115'),
	('8a8181a95b75bfcb015b7ad5ca4a012e', '402894ca4a9a155d014a9a1905200008', '8a8181a95b75bfcb015b7ad598810115'),
	('8a8181a95b75bfcb015b7ad5ca5a012f', '402894ca4a9a155d014a9a1afe60000e', '8a8181a95b75bfcb015b7ad598810115'),
	('8a8181a95b75bfcb015b7ad5ca5a0130', '8a2831b35ac74f63015ae46fbe760059', '8a8181a95b75bfcb015b7ad598810115'),
	('8a8181a95b75bfcb015b7ad5ca5a0131', '8a2831b35ac74f63015ae477e873005e', '8a8181a95b75bfcb015b7ad598810115'),
	('8a8181a95b75bfcb015b7ad5ca5a0132', '8a2831b355de72390155de777b700013', '8a8181a95b75bfcb015b7ad598810115'),
	('8a8181a95b75bfcb015b7ad5ca5a0133', '8a2831b355de72390155de787d000015', '8a8181a95b75bfcb015b7ad598810115'),
	('8a8181a95b75bfcb015b7ad5ca5a0134', '8a2831b35ac74f63015ae4710d6a005b', '8a8181a95b75bfcb015b7ad598810115'),
	('8a8181a95b75bfcb015b7ad5ca5a0135', '8a2831b3577bd11201578a0a22ef0036', '8a8181a95b75bfcb015b7ad598810115'),
	('8a8181a95b75bfcb015b7ad5ca5a0136', '402894ca4ae0e797014ae1ab12120032', '8a8181a95b75bfcb015b7ad598810115'),
	('8a8181a95b75bfcb015b7ad5ca5a0137', '8a2831b35ac74f63015ae47881d30060', '8a8181a95b75bfcb015b7ad598810115'),
	('8a8181a95b75bfcb015b7f1be2ba08fe', '40288b854a38974f014a38be1805002c', '8a8181a95b75bfcb015b7b8203de06cc'),
	('8a8181a95b75bfcb015b7f1be2ba08ff', '40288b854a38974f014a38beae79002e', '8a8181a95b75bfcb015b7b8203de06cc'),
	('8a8181a95b75bfcb015b7f1be2ba0900', '40288b854a38974f014a38bf10fc0030', '8a8181a95b75bfcb015b7b8203de06cc'),
	('8a8181a95b75bfcb015b7f1be2ba0901', '402888a8509d16e201509d1a934d000a', '8a8181a95b75bfcb015b7b8203de06cc'),
	('8a8181a95b75bfcb015b7f1be2ba0902', '402888a850bcceeb0150bcd86c2e000a', '8a8181a95b75bfcb015b7b8203de06cc'),
	('8a8181a95b75bfcb015b7f1be2ba0903', '8a2831b35ac74f63015ae472c7ca005c', '8a8181a95b75bfcb015b7b8203de06cc'),
	('8a8181a95b75bfcb015b7f1be2ba0904', '402894ca4a9a155d014a9a1790810004', '8a8181a95b75bfcb015b7b8203de06cc'),
	('8a8181a95b75bfcb015b7f1be2ba0905', '402894ca4a9a155d014a9a1a8de3000c', '8a8181a95b75bfcb015b7b8203de06cc'),
	('8a8181a95b75bfcb015b7f1be2ba0906', '402888a84f970dad014f971545c3000a', '8a8181a95b75bfcb015b7b8203de06cc'),
	('8a8181a95b75bfcb015b7f1be2ba0907', '402888a850472ac50150472e2d14000a', '8a8181a95b75bfcb015b7b8203de06cc'),
	('8a8181a95b75bfcb015b7f1be2ba0908', '402894ca4a9a155d014a9a16561d0002', '8a8181a95b75bfcb015b7b8203de06cc'),
	('8a8181a95b75bfcb015b7f1be2ba0909', '402889ac5b2782a6015b281052a50061', '8a8181a95b75bfcb015b7b8203de06cc'),
	('8a8181a95b75bfcb015b7f1be2ba090a', '8a2831b3563f530701563f5821e40001', '8a8181a95b75bfcb015b7b8203de06cc'),
	('8a8181a95b75bfcb015b7f1be2ba090b', '402894ca4a9a155d014a9a1905200008', '8a8181a95b75bfcb015b7b8203de06cc'),
	('8a8181a95b75bfcb015b7f1be2ba090c', '402894ca4a9a155d014a9a1afe60000e', '8a8181a95b75bfcb015b7b8203de06cc'),
	('8a8181a95b75bfcb015b7f1be2ba090d', '8a2831b35ac74f63015ae46fbe760059', '8a8181a95b75bfcb015b7b8203de06cc'),
	('8a8181a95b75bfcb015b7f1be2ba090e', '8a2831b35ac74f63015ae477e873005e', '8a8181a95b75bfcb015b7b8203de06cc'),
	('8a8181a95b75bfcb015b7f1be2ba090f', '8a2831b355de72390155de777b700013', '8a8181a95b75bfcb015b7b8203de06cc'),
	('8a8181a95b75bfcb015b7f1be2ba0910', '8a2831b355de72390155de787d000015', '8a8181a95b75bfcb015b7b8203de06cc'),
	('8a8181a95b75bfcb015b7f1be2ba0911', '8a2831b35ac74f63015ae4710d6a005b', '8a8181a95b75bfcb015b7b8203de06cc'),
	('8a8181a95b75bfcb015b7f1be2ba0912', '8a2831b3577bd11201578a0a22ef0036', '8a8181a95b75bfcb015b7b8203de06cc'),
	('8a8181a95b75bfcb015b7f1be2ba0913', '402894ca4ae0e797014ae1ab12120032', '8a8181a95b75bfcb015b7b8203de06cc'),
	('8a8181a95b75bfcb015b7f1be2ba0914', '8a2831b35ac74f63015ae47881d30060', '8a8181a95b75bfcb015b7b8203de06cc'),
	('8a8181a95b9e620c015ba3d77afd0673', '40288b854a38974f014a38be1805002c', '8a8181a95b9e620c015ba3d70d9b0671'),
	('8a8181a95b9e620c015ba3d77afd0674', '40288b854a38974f014a38beae79002e', '8a8181a95b9e620c015ba3d70d9b0671'),
	('8a8181a95b9e620c015ba3d77afd0675', '40288b854a38974f014a38bf10fc0030', '8a8181a95b9e620c015ba3d70d9b0671'),
	('8a8181a95b9e620c015ba3d77afd0676', '402888a8509d16e201509d1a934d000a', '8a8181a95b9e620c015ba3d70d9b0671'),
	('8a8181a95b9e620c015ba3d77afd0677', '402888a850bcceeb0150bcd86c2e000a', '8a8181a95b9e620c015ba3d70d9b0671'),
	('8a8181a95b9e620c015ba3d77afd0678', '8a2831b35ac74f63015ae472c7ca005c', '8a8181a95b9e620c015ba3d70d9b0671'),
	('8a8181a95b9e620c015ba3d77afd0679', '402894ca4a9a155d014a9a1790810004', '8a8181a95b9e620c015ba3d70d9b0671'),
	('8a8181a95b9e620c015ba3d77afd067a', '402894ca4a9a155d014a9a1a8de3000c', '8a8181a95b9e620c015ba3d70d9b0671'),
	('8a8181a95b9e620c015ba3d77afd067b', '402888a84f970dad014f971545c3000a', '8a8181a95b9e620c015ba3d70d9b0671'),
	('8a8181a95b9e620c015ba3d77afd067c', '402888a850472ac50150472e2d14000a', '8a8181a95b9e620c015ba3d70d9b0671'),
	('8a8181a95b9e620c015ba3d77afd067d', '402894ca4a9a155d014a9a16561d0002', '8a8181a95b9e620c015ba3d70d9b0671'),
	('8a8181a95b9e620c015ba3d77b0c067e', '402889ac5b2782a6015b281052a50061', '8a8181a95b9e620c015ba3d70d9b0671'),
	('8a8181a95b9e620c015ba3d77b0c067f', '8a2831b3563f530701563f5821e40001', '8a8181a95b9e620c015ba3d70d9b0671'),
	('8a8181a95b9e620c015ba3d77b0c0680', '402894ca4a9a155d014a9a1905200008', '8a8181a95b9e620c015ba3d70d9b0671'),
	('8a8181a95b9e620c015ba3d77b0c0681', '402894ca4a9a155d014a9a1afe60000e', '8a8181a95b9e620c015ba3d70d9b0671'),
	('8a8181a95b9e620c015ba3d77b0c0682', '8a2831b35ac74f63015ae46fbe760059', '8a8181a95b9e620c015ba3d70d9b0671'),
	('8a8181a95b9e620c015ba3d77b0c0683', '8a2831b35ac74f63015ae477e873005e', '8a8181a95b9e620c015ba3d70d9b0671'),
	('8a8181a95b9e620c015ba3d77b0c0684', '8a2831b355de72390155de777b700013', '8a8181a95b9e620c015ba3d70d9b0671'),
	('8a8181a95b9e620c015ba3d77b0c0685', '8a2831b355de72390155de787d000015', '8a8181a95b9e620c015ba3d70d9b0671'),
	('8a8181a95b9e620c015ba3d77b0c0686', '8a2831b35ac74f63015ae4710d6a005b', '8a8181a95b9e620c015ba3d70d9b0671'),
	('8a8181a95b9e620c015ba3d77b0c0687', '8a2831b3577bd11201578a0a22ef0036', '8a8181a95b9e620c015ba3d70d9b0671'),
	('8a8181a95b9e620c015ba3d77b0c0688', '402894ca4ae0e797014ae1ab12120032', '8a8181a95b9e620c015ba3d70d9b0671'),
	('8a8181a95b9e620c015ba3d77b0c0689', '8a2831b35ac74f63015ae47881d30060', '8a8181a95b9e620c015ba3d70d9b0671'),
	('2c909b2b602c54c801602c6f82bf0009', '40288b854a38974f014a38be1805002c', '2c909b2b602c54c801602c6e5f4e0005'),
	('2c909b2b602c54c801602c6f82bf000a', '402888a8509d16e201509d1a934d000a', '2c909b2b602c54c801602c6e5f4e0005'),
	('2c909b2b602c54c801602c6f82bf000b', '402888a850bcceeb0150bcd86c2e000a', '2c909b2b602c54c801602c6e5f4e0005'),
	('2c909b2b602c54c801602c6f82bf000c', '402889ac5fbd8ef3015fbd954fea0002', '2c909b2b602c54c801602c6e5f4e0005'),
	('2c909b2b602c54c801602c6f82bf000d', '8a2831b35ac74f63015ae472c7ca005c', '2c909b2b602c54c801602c6e5f4e0005'),
	('2c909b2b602c54c801602c6f82bf000e', '402894ca4a9a155d014a9a1790810004', '2c909b2b602c54c801602c6e5f4e0005'),
	('2c909b2b602c54c801602c6f82bf000f', '402880f65ddb5c65015ddb5f8a5d0002', '2c909b2b602c54c801602c6e5f4e0005'),
	('2c909b2b602c54c801602c6f82bf0010', '402888a850472ac50150472e2d14000a', '2c909b2b602c54c801602c6e5f4e0005'),
	('2c909b2b602c54c801602c6f82bf0011', '402894ca4a9a155d014a9a16561d0002', '2c909b2b602c54c801602c6e5f4e0005'),
	('2c909b2b602c54c801602c6f82bf0012', '402889ac5b2782a6015b281052a50061', '2c909b2b602c54c801602c6e5f4e0005'),
	('2c909b2b602c54c801602c6f82bf0013', '8a2831b3563f530701563f5821e40001', '2c909b2b602c54c801602c6e5f4e0005'),
	('2c909b2b602c54c801602c6f82bf0014', '402894ca4a9a155d014a9a1905200008', '2c909b2b602c54c801602c6e5f4e0005'),
	('2c909b2b602c54c801602c6f82bf0015', '402889ac5bfb0c93015bfb42f2d30001', '2c909b2b602c54c801602c6e5f4e0005'),
	('2c909b2b602c54c801602c6f82bf0016', '8a2831b35ac74f63015ae46fbe760059', '2c909b2b602c54c801602c6e5f4e0005'),
	('2c909b2b602c54c801602c6f82bf0017', '8a2831b35ac74f63015ae477e873005e', '2c909b2b602c54c801602c6e5f4e0005'),
	('2c909b2b602c54c801602c6f82bf0018', '8a2831b355de72390155de777b700013', '2c909b2b602c54c801602c6e5f4e0005'),
	('2c909b2b602c54c801602c6f82bf0019', '8a2831b355de72390155de787d000015', '2c909b2b602c54c801602c6e5f4e0005'),
	('2c909b2b602c54c801602c6f82bf001a', '8a2831b35ac74f63015ae4710d6a005b', '2c909b2b602c54c801602c6e5f4e0005'),
	('2c909b2b602c54c801602c6f82bf001b', '8a2831b3577bd11201578a0a22ef0036', '2c909b2b602c54c801602c6e5f4e0005'),
	('2c909b2b602c54c801602c6f82bf001c', '402894ca4ae0e797014ae1ab12120032', '2c909b2b602c54c801602c6e5f4e0005'),
	('2c909b2b602c54c801602c6f82bf001d', '8a2831b35ac74f63015ae47881d30060', '2c909b2b602c54c801602c6e5f4e0005'),
	('2c909b2b602c54c801602c6f82bf001e', '402889ac5fc2b9a6015fc2c34e9a0002', '2c909b2b602c54c801602c6e5f4e0005'),
	('2c909b2b667bb57401667bc54d2a008a', '40288b854a38974f014a38be1805002c', '2c909b2b667bb57401667bc4bd4e0088'),
	('2c909b2b667bb57401667bc54d2a008b', '402888a8509d16e201509d1a934d000a', '2c909b2b667bb57401667bc4bd4e0088'),
	('2c909b2b667bb57401667bc54d2a008c', '402888a850bcceeb0150bcd86c2e000a', '2c909b2b667bb57401667bc4bd4e0088'),
	('2c909b2b667bb57401667bc54d2a008d', '402889ac5fbd8ef3015fbd954fea0002', '2c909b2b667bb57401667bc4bd4e0088'),
	('2c909b2b667bb57401667bc54d2a008e', '40288918646e990f01646ea253fb0002', '2c909b2b667bb57401667bc4bd4e0088'),
	('2c909b2b667bb57401667bc54d2a008f', '8a2831b35ac74f63015ae472c7ca005c', '2c909b2b667bb57401667bc4bd4e0088'),
	('2c909b2b667bb57401667bc54d2a0090', '402894ca4a9a155d014a9a1790810004', '2c909b2b667bb57401667bc4bd4e0088'),
	('2c909b2b667bb57401667bc54d2a0091', '402894ca4a9a155d014a9a1a8de3000c', '2c909b2b667bb57401667bc4bd4e0088'),
	('2c909b2b667bb57401667bc54d2a0092', '402880f65ddb5c65015ddb5f8a5d0002', '2c909b2b667bb57401667bc4bd4e0088'),
	('2c909b2b667bb57401667bc54d2a0093', '40288918651238b201651244b6c70002', '2c909b2b667bb57401667bc4bd4e0088'),
	('2c909b2b667bb57401667bc54d2a0094', '402888a84f970dad014f971545c3000a', '2c909b2b667bb57401667bc4bd4e0088'),
	('2c909b2b667bb57401667bc54d2a0095', '402888a850472ac50150472e2d14000a', '2c909b2b667bb57401667bc4bd4e0088'),
	('2c909b2b667bb57401667bc54d2a0096', '402894ca4a9a155d014a9a16561d0002', '2c909b2b667bb57401667bc4bd4e0088'),
	('2c909b2b667bb57401667bc54d2a0097', '402889ac5b2782a6015b281052a50061', '2c909b2b667bb57401667bc4bd4e0088'),
	('2c909b2b667bb57401667bc54d2a0098', '8a2831b3563f530701563f5821e40001', '2c909b2b667bb57401667bc4bd4e0088'),
	('2c909b2b667bb57401667bc54d2a0099', '402894ca4a9a155d014a9a1905200008', '2c909b2b667bb57401667bc4bd4e0088'),
	('2c909b2b667bb57401667bc54d2a009a', '402889ac5bfb0c93015bfb42f2d30001', '2c909b2b667bb57401667bc4bd4e0088'),
	('2c909b2b667bb57401667bc54d2a009b', '402894ca4a9a155d014a9a1afe60000e', '2c909b2b667bb57401667bc4bd4e0088'),
	('2c909b2b667bb57401667bc54d2a009c', '402880ef65b963bd0165b965a4dc0002', '2c909b2b667bb57401667bc4bd4e0088'),
	('2c909b2b667bb57401667bc54d2a009d', '8a2831b35ac74f63015ae46fbe760059', '2c909b2b667bb57401667bc4bd4e0088'),
	('2c909b2b667bb57401667bc54d2a009e', '8a2831b35ac74f63015ae477e873005e', '2c909b2b667bb57401667bc4bd4e0088'),
	('2c909b2b667bb57401667bc54d2a009f', '4028b881661e481c01661e4ad6290002', '2c909b2b667bb57401667bc4bd4e0088'),
	('2c909b2b667bb57401667bc54d2a00a0', '8a2831b355de72390155de777b700013', '2c909b2b667bb57401667bc4bd4e0088'),
	('2c909b2b667bb57401667bc54d2a00a1', '8a2831b355de72390155de787d000015', '2c909b2b667bb57401667bc4bd4e0088'),
	('2c909b2b667bb57401667bc54d2a00a2', '8a2831b35ac74f63015ae4710d6a005b', '2c909b2b667bb57401667bc4bd4e0088'),
	('2c909b2b667bb57401667bc54d2a00a3', '8a8580496053a94e016053bbba700002', '2c909b2b667bb57401667bc4bd4e0088'),
	('2c909b2b667bb57401667bc54d2a00a4', '402894ca4ae0e797014ae1ab12120032', '2c909b2b667bb57401667bc4bd4e0088'),
	('2c909b2b667bb57401667bc54d2a00a5', '8a2831b35ac74f63015ae47881d30060', '2c909b2b667bb57401667bc4bd4e0088'),
	('2c909b2b667bb57401667bc54d2a00a6', '402889ac5fc2b9a6015fc2c34e9a0002', '2c909b2b667bb57401667bc4bd4e0088'),
	('2c909b2b667bb57401667bc54d2a00a7', '8a2831b3577bd11201578a0a22ef0036', '2c909b2b667bb57401667bc4bd4e0088'),
	('2c909b2b667bb57401667bc54d2a00a8', '8a2831b3573c10d0015741b2273c0019', '2c909b2b667bb57401667bc4bd4e0088'),
	('2c909b2b667bb57401667bc54d2a00a9', '40288b854a38974f014a38b93d0a0023', '2c909b2b667bb57401667bc4bd4e0088'),
	('2c909b2b667bb57401667bc54d2a00aa', '402889ac5da5d50f015da5d736110001', '2c909b2b667bb57401667bc4bd4e0088'),
	('2c909b2b667bb57401667bc54d2a00ab', '402889ac5fc36ab9015fc3794feb0004', '2c909b2b667bb57401667bc4bd4e0088'),
	('402881e66ed547fc016ed57fd47d0046', '8a2831b35ac74f63015ae472c7ca005c', '402881e66ed547fc016ed57f6d87003f'),
	('402881e66ed547fc016ed57fd47e0047', '402894ca4a9a155d014a9a1a8de3000c', '402881e66ed547fc016ed57f6d87003f');
/*!40000 ALTER TABLE `alone_auth_postaction` ENABLE KEYS */;

-- 导出  表 wlp.alone_auth_user 结构
CREATE TABLE IF NOT EXISTS `alone_auth_user` (
  `ID` varchar(32) NOT NULL,
  `NAME` varchar(64) NOT NULL,
  `PASSWORD` varchar(32) NOT NULL COMMENT 'MD5(password+loginname)',
  `COMMENTS` varchar(128) DEFAULT NULL,
  `TYPE` char(1) DEFAULT NULL COMMENT '1:系统用户:2其他3超级用户',
  `CTIME` varchar(14) NOT NULL,
  `UTIME` varchar(14) NOT NULL,
  `CUSER` varchar(32) NOT NULL,
  `MUSER` varchar(32) NOT NULL,
  `STATE` char(1) NOT NULL,
  `LOGINNAME` varchar(64) NOT NULL,
  `LOGINTIME` varchar(14) DEFAULT NULL,
  `IMGID` varchar(32) DEFAULT NULL,
  PRIMARY KEY (`ID`)
) ENGINE=MyISAM DEFAULT CHARSET=utf8 COMMENT='InnoDB free: 12288 kB alone_user';

-- 正在导出表  wlp.alone_auth_user 的数据：342 rows
/*!40000 ALTER TABLE `alone_auth_user` DISABLE KEYS */;
INSERT INTO `alone_auth_user` (`ID`, `NAME`, `PASSWORD`, `COMMENTS`, `TYPE`, `CTIME`, `UTIME`, `CUSER`, `MUSER`, `STATE`, `LOGINNAME`, `LOGINTIME`, `IMGID`) VALUES
	('40288b854a329988014a329a12f30002', '系统管理员', '6C832EDB4410D94088918F240949593F', '', '3', '20141210130925', '20200131174430', 'userId', '40288b854a329988014a329a12f30002', '1', 'sysadmin', '20200716104725', '2c902a8d735583fb0173558649330000'),
	('bbee57336ac528f8016ad4baf7c40463', '刘嘉成', '55FD941C61D2AC23A26E4DF5318C3DB0', '', '3', '20190520181304', '20190520195451', '40288b854a329988014a329a12f30002', '40288b854a329988014a329a12f30002', '2', 'bbee57336ac528f8016ad4baf7c40463', '20190520181726', NULL),
	('bbee57336ac528f8016ad4baf7c40467', '王珺', '0FABBE424C467972CA0C78124A8E5436', '', '3', '20190520181304', '20190520195026', '40288b854a329988014a329a12f30002', '40288b854a329988014a329a12f30002', '2', 'bbee57336ac528f8016ad4baf7c40467', NULL, NULL),
	('bbee57336ac528f8016ad4baf7c40469', '谢曼轲', 'CFFDC4D140A32EA9E5E79F9385D2D8A4', '', '3', '20190520181304', '20190520195026', '40288b854a329988014a329a12f30002', '40288b854a329988014a329a12f30002', '2', 'bbee57336ac528f8016ad4baf7c40469', NULL, NULL),
	('bbee57336ac528f8016ad4baf7d4046d', '鲁玥', '828BF9F53FD708B29F9CDB054ABDC518', '', '3', '20190520181304', '20190520195026', '40288b854a329988014a329a12f30002', '40288b854a329988014a329a12f30002', '2', 'bbee57336ac528f8016ad4baf7d4046d', NULL, NULL),
	('bbee57336ac528f8016ad4baf7d40471', '李唱娃', '0F337F8DEBD5E08F1E0144C4416DDA52', '', '3', '20190520181304', '20190520195026', '40288b854a329988014a329a12f30002', '40288b854a329988014a329a12f30002', '2', 'bbee57336ac528f8016ad4baf7d40471', NULL, NULL),
	('bbee57336ac528f8016ad4baf7d40476', '初延明', 'E41B45DBB4CA7B2476AA76E290D93257', '', '3', '20190520181304', '20190520195447', '40288b854a329988014a329a12f30002', '40288b854a329988014a329a12f30002', '2', 'bbee57336ac528f8016ad4baf7d40476', NULL, NULL),
	('bbee57336ac528f8016ad4baf7e3047b', '白丽华', '96C262309F3A799975FA071ED530115A', '', '3', '20190520181304', '20190520195026', '40288b854a329988014a329a12f30002', '40288b854a329988014a329a12f30002', '2', 'bbee57336ac528f8016ad4baf7e3047b', NULL, NULL),
	('bbee57336ac528f8016ad4baf7f3047e', '王佳馨', '1490781433A817F1983BB37D9E869805', '', '3', '20190520181304', '20190520195451', '40288b854a329988014a329a12f30002', '40288b854a329988014a329a12f30002', '2', 'bbee57336ac528f8016ad4baf7f3047e', NULL, NULL),
	('bbee57336ac528f8016ad4baf7f30482', '李晓清', '3D4D3CEFDDEE8B1CE0FEDEB69D0EAC14', '', '3', '20190520181304', '20190520195026', '40288b854a329988014a329a12f30002', '40288b854a329988014a329a12f30002', '2', 'bbee57336ac528f8016ad4baf7f30482', NULL, NULL),
	('bbee57336ac528f8016ad4baf7f30486', '贾芸', 'E54228526AA13685504E27A2A33ACED6', '', '3', '20190520181304', '20190520195447', '40288b854a329988014a329a12f30002', '40288b854a329988014a329a12f30002', '2', 'bbee57336ac528f8016ad4baf7f30486', NULL, NULL),
	('bbee57336ac528f8016ad4baf803048a', '王微微', 'AC9E80049E05A73FEFF04E83E71E9189', '', '3', '20190520181304', '20190520195026', '40288b854a329988014a329a12f30002', '40288b854a329988014a329a12f30002', '2', 'bbee57336ac528f8016ad4baf803048a', NULL, NULL),
	('bbee57336ac528f8016ad4baf803048f', '王丽丽', 'E2D13B24C9D5BE887932645E95BE463E', '', '3', '20190520181304', '20190520195026', '40288b854a329988014a329a12f30002', '40288b854a329988014a329a12f30002', '2', 'bbee57336ac528f8016ad4baf803048f', NULL, NULL),
	('bbee57336ac528f8016ad4baf8030492', '宋菲', 'E41140A22E06BFCF70BB0415437880F7', '', '3', '20190520181304', '20190520195451', '40288b854a329988014a329a12f30002', '40288b854a329988014a329a12f30002', '2', 'bbee57336ac528f8016ad4baf8030492', NULL, NULL),
	('bbee57336ac528f8016ad4baf8120497', '石付英', 'E11C5C1602C1F54BC87E4EBA20AD14E6', '', '3', '20190520181304', '20190520195026', '40288b854a329988014a329a12f30002', '40288b854a329988014a329a12f30002', '2', 'bbee57336ac528f8016ad4baf8120497', NULL, NULL),
	('bbee57336ac528f8016ad4baf812049a', '芦西', '3C40E727769AD08B4931BFC308639FE9', '', '3', '20190520181304', '20190520195447', '40288b854a329988014a329a12f30002', '40288b854a329988014a329a12f30002', '2', 'bbee57336ac528f8016ad4baf812049a', NULL, NULL),
	('bbee57336ac528f8016ad4baf822049f', '段林芳', '8A99FC28EC889C9F592D5BB5163DBC6B', '', '3', '20190520181304', '20190520195026', '40288b854a329988014a329a12f30002', '40288b854a329988014a329a12f30002', '2', 'bbee57336ac528f8016ad4baf822049f', NULL, NULL),
	('bbee57336ac528f8016ad4baf82204a1', '张宁宁', '405984891452F4FD38A986611E444027', '', '3', '20190520181304', '20190520195447', '40288b854a329988014a329a12f30002', '40288b854a329988014a329a12f30002', '2', 'bbee57336ac528f8016ad4baf82204a1', NULL, NULL),
	('bbee57336ac528f8016ad4baf82204a5', '刘澜清', 'A327F9CB1D05F1CA420883D601AA3152', '', '3', '20190520181304', '20190520195026', '40288b854a329988014a329a12f30002', '40288b854a329988014a329a12f30002', '2', 'bbee57336ac528f8016ad4baf82204a5', NULL, NULL),
	('bbee57336ac528f8016ad4baf82204a8', '刘铮', '9B7BE87414D8EB23D5EE32E7DFC9B8C9', '', '3', '20190520181304', '20190520195026', '40288b854a329988014a329a12f30002', '40288b854a329988014a329a12f30002', '2', 'bbee57336ac528f8016ad4baf82204a8', NULL, NULL),
	('bbee57336ac528f8016ad4baf82204ab', '贾航', 'C4B0FC3F7A6ED6912BA73FCB31646B5A', '', '3', '20190520181304', '20190520195026', '40288b854a329988014a329a12f30002', '40288b854a329988014a329a12f30002', '2', 'bbee57336ac528f8016ad4baf82204ab', NULL, NULL),
	('bbee57336ac528f8016ad4baf83204af', '吕亮金', '99B8970EAA00D6FF8DF4081DD77BAB7C', '', '3', '20190520181304', '20190520195026', '40288b854a329988014a329a12f30002', '40288b854a329988014a329a12f30002', '2', 'bbee57336ac528f8016ad4baf83204af', NULL, NULL),
	('bbee57336ac528f8016ad4baf83204b2', '赵风', '3349679E002B2A668D359FB512065C50', '', '3', '20190520181304', '20190520195451', '40288b854a329988014a329a12f30002', '40288b854a329988014a329a12f30002', '2', 'bbee57336ac528f8016ad4baf83204b2', NULL, NULL),
	('bbee57336ac528f8016ad4baf83204b6', '李特', '9997C43D282EC26608A0F023F109B65F', '', '3', '20190520181304', '20190520195026', '40288b854a329988014a329a12f30002', '40288b854a329988014a329a12f30002', '2', 'bbee57336ac528f8016ad4baf83204b6', NULL, NULL),
	('bbee57336ac528f8016ad4baf83204b9', '尹陆', 'CC3693B2DD902B1F2130B6C10347B53B', '', '3', '20190520181304', '20190520195447', '40288b854a329988014a329a12f30002', '40288b854a329988014a329a12f30002', '2', 'bbee57336ac528f8016ad4baf83204b9', NULL, NULL),
	('bbee57336ac528f8016ad4baf84104bd', '王卿', '91F0BBB959957781975086D651894931', '', '3', '20190520181304', '20190520195026', '40288b854a329988014a329a12f30002', '40288b854a329988014a329a12f30002', '2', 'bbee57336ac528f8016ad4baf84104bd', NULL, NULL),
	('bbee57336ac528f8016ad4baf84104c1', '蒋经纬', '1272DD034685E88103442C7440139CEC', '', '3', '20190520181304', '20190520195451', '40288b854a329988014a329a12f30002', '40288b854a329988014a329a12f30002', '2', 'bbee57336ac528f8016ad4baf84104c1', NULL, NULL),
	('bbee57336ac528f8016ad4baf84104c5', '吴心怡', 'DA827CCBB288E19D45F296A6AE5E5DF4', '', '3', '20190520181304', '20190520195026', '40288b854a329988014a329a12f30002', '40288b854a329988014a329a12f30002', '2', 'bbee57336ac528f8016ad4baf84104c5', NULL, NULL),
	('bbee57336ac528f8016ad4baf85104c8', '张雨彤', 'A5DABACCBD726B55D403878811EEF470', '', '3', '20190520181304', '20190520195026', '40288b854a329988014a329a12f30002', '40288b854a329988014a329a12f30002', '2', 'bbee57336ac528f8016ad4baf85104c8', NULL, NULL),
	('bbee57336ac528f8016ad4baf85104cc', 'Albert-黄亦俊', 'AF4E8EAE6E2D82F2203CC802D7AB7F74', '', '3', '20190520181304', '20190520195447', '40288b854a329988014a329a12f30002', '40288b854a329988014a329a12f30002', '2', 'bbee57336ac528f8016ad4baf85104cc', NULL, NULL),
	('bbee57336ac528f8016ad4baf85104cf', '贾婧', 'FC9F090B6EC36ED9E1D1C46C6ECB63F1', '', '3', '20190520181304', '20190520195026', '40288b854a329988014a329a12f30002', '40288b854a329988014a329a12f30002', '2', 'bbee57336ac528f8016ad4baf85104cf', '20190520183147', 'bbee57336ac528f8016ad4ce73510563'),
	('bbee57336ac528f8016ad4bfb98a051f', '蒋世伟', '013315B1646F96CB4EEC75D4399D3DAD', '', '3', '20190520181815', '20190520195026', '40288b854a329988014a329a12f30002', '40288b854a329988014a329a12f30002', '2', 'bbee57336ac528f8016ad4bfb98a051f', '20190520181832', 'bbee57336ac528f8016ad4c13ee2052d'),
	('bbee57336ac528f8016ad5117a02061e', '蔡雅洁', '83A8E073D0281DE2671E6F36C006CF6E', '', '3', '20190520194733', '20190520195447', '40288b854a329988014a329a12f30002', '40288b854a329988014a329a12f30002', '2', 'bbee57336ac528f8016ad5117a02061e', NULL, NULL),
	('bbee57336ac528f8016ad5117a020621', '郭昊雯', '31262C91E1412386D974D99283AF15C1', '', '3', '20190520194733', '20190520195447', '40288b854a329988014a329a12f30002', '40288b854a329988014a329a12f30002', '2', 'bbee57336ac528f8016ad5117a020621', NULL, NULL),
	('bbee57336ac528f8016ad5117a020624', '叶浩贤', '51B27E89A1AC3E4989FBB6DFED4633B0', '', '3', '20190520194733', '20190520195447', '40288b854a329988014a329a12f30002', '40288b854a329988014a329a12f30002', '2', 'bbee57336ac528f8016ad5117a020624', NULL, NULL),
	('bbee57336ac528f8016ad5117a020627', '鲍雷', '14E583716AF317F278DC06F633331382', '', '3', '20190520194733', '20190520195447', '40288b854a329988014a329a12f30002', '40288b854a329988014a329a12f30002', '2', 'bbee57336ac528f8016ad5117a020627', NULL, NULL),
	('bbee57336ac528f8016ad5117a02062a', '邓婷', 'C770427342B6551F68B8C9E9B337C6F9', '', '3', '20190520194733', '20190520195447', '40288b854a329988014a329a12f30002', '40288b854a329988014a329a12f30002', '2', 'bbee57336ac528f8016ad5117a02062a', NULL, NULL),
	('bbee57336ac528f8016ad5117a11062d', '张景行', 'F41AC533580940EC1313D5BEFD9E5FD5', '', '3', '20190520194733', '20190520195447', '40288b854a329988014a329a12f30002', '40288b854a329988014a329a12f30002', '2', 'bbee57336ac528f8016ad5117a11062d', NULL, NULL),
	('bbee57336ac528f8016ad5117a110630', '黄野文', '997F5F3F3E4ACB06FE3225657EB74DDA', '', '3', '20190520194733', '20190520195447', '40288b854a329988014a329a12f30002', '40288b854a329988014a329a12f30002', '2', 'bbee57336ac528f8016ad5117a110630', NULL, NULL),
	('bbee57336ac528f8016ad5117a110633', '李青青', '0F0EF945A790F34BE67A4E9FBE8C218A', '', '3', '20190520194733', '20190520195447', '40288b854a329988014a329a12f30002', '40288b854a329988014a329a12f30002', '2', 'bbee57336ac528f8016ad5117a110633', NULL, NULL),
	('bbee57336ac528f8016ad5117a110637', '梁晨', 'AB1D4808ABF4FB870DECBE94B728FB0F', '', '3', '20190520194733', '20190520195447', '40288b854a329988014a329a12f30002', '40288b854a329988014a329a12f30002', '2', 'bbee57336ac528f8016ad5117a110637', NULL, NULL),
	('bbee57336ac528f8016ad5117a11063a', '戴雅婧', '6BCB6ACA0A8BA1FE50C02F34D29B713C', '', '3', '20190520194733', '20190520195447', '40288b854a329988014a329a12f30002', '40288b854a329988014a329a12f30002', '2', 'bbee57336ac528f8016ad5117a11063a', NULL, NULL),
	('bbee57336ac528f8016ad5117a21063d', '朱前', '5407B28F83215C78ACD9B9AB4F7ADD73', '', '3', '20190520194733', '20190520195447', '40288b854a329988014a329a12f30002', '40288b854a329988014a329a12f30002', '2', 'bbee57336ac528f8016ad5117a21063d', NULL, NULL),
	('bbee57336ac528f8016ad5117a210641', '张文文', '5B1C0C8F3774FC03D8231746F4260049', '', '3', '20190520194733', '20190520195447', '40288b854a329988014a329a12f30002', '40288b854a329988014a329a12f30002', '2', 'bbee57336ac528f8016ad5117a210641', NULL, NULL),
	('bbee57336ac528f8016ad5117a210644', '邵雨沐', 'C51C5CEB7FFAEAAE8B7C5E3B3A851AF0', '', '3', '20190520194733', '20190520195447', '40288b854a329988014a329a12f30002', '40288b854a329988014a329a12f30002', '2', 'bbee57336ac528f8016ad5117a210644', NULL, NULL),
	('bbee57336ac528f8016ad5117a210648', '马金', 'CFD5B433A5C5C195D10C2E95223C1EF6', '', '3', '20190520194733', '20190520195447', '40288b854a329988014a329a12f30002', '40288b854a329988014a329a12f30002', '2', 'bbee57336ac528f8016ad5117a210648', NULL, NULL),
	('bbee57336ac528f8016ad51915e206c9', '蔡雅洁', '83A8E073D0281DE2671E6F36C006CF6E', '', '1', '20190520195552', '20190520195650', '40288b854a329988014a329a12f30002', '40288b854a329988014a329a12f30002', '1', '13718660739', NULL, NULL),
	('bbee57336ac528f8016ad51915e206cc', '郭昊雯', '31262C91E1412386D974D99283AF15C1', '', '1', '20190520195552', '20190520195650', '40288b854a329988014a329a12f30002', '40288b854a329988014a329a12f30002', '1', '13601064827', NULL, NULL),
	('bbee57336ac528f8016ad51915f206cf', '叶浩贤', '51B27E89A1AC3E4989FBB6DFED4633B0', '', '1', '20190520195552', '20190520195705', '40288b854a329988014a329a12f30002', '40288b854a329988014a329a12f30002', '1', '18825070491', NULL, NULL),
	('bbee57336ac528f8016ad51915f206d2', '鲍雷', '14E583716AF317F278DC06F633331382', '', '1', '20190520195552', '20190520195650', '40288b854a329988014a329a12f30002', '40288b854a329988014a329a12f30002', '1', '18252392666', NULL, NULL),
	('bbee57336ac528f8016ad51915f206d6', '邓婷', 'C770427342B6551F68B8C9E9B337C6F9', '', '1', '20190520195552', '20190520195706', '40288b854a329988014a329a12f30002', '40288b854a329988014a329a12f30002', '1', '13787245159', NULL, NULL),
	('bbee57336ac528f8016ad51915f206d9', '张景行', 'F41AC533580940EC1313D5BEFD9E5FD5', '', '1', '20190520195552', '20190520195650', '40288b854a329988014a329a12f30002', '40288b854a329988014a329a12f30002', '1', '18687000898', NULL, NULL),
	('bbee57336ac528f8016ad51915f206dc', '黄野文', '997F5F3F3E4ACB06FE3225657EB74DDA', '', '1', '20190520195552', '20190520195706', '40288b854a329988014a329a12f30002', '40288b854a329988014a329a12f30002', '1', '13476203527', '20190531090800', 'bbee57336add8ffd016afdb4956101f3'),
	('bbee57336ac528f8016ad519160106e0', '李青青', '0F0EF945A790F34BE67A4E9FBE8C218A', '', '1', '20190520195552', '20190520195650', '40288b854a329988014a329a12f30002', '40288b854a329988014a329a12f30002', '1', '13021330672', NULL, NULL),
	('bbee57336ac528f8016ad519160106e3', '梁晨', 'AB1D4808ABF4FB870DECBE94B728FB0F', '', '1', '20190520195552', '20190520195650', '40288b854a329988014a329a12f30002', '40288b854a329988014a329a12f30002', '1', '18651895161', NULL, NULL),
	('bbee57336ac528f8016ad519160106e6', '戴雅婧', '6BCB6ACA0A8BA1FE50C02F34D29B713C', '', '1', '20190520195552', '20190520195705', '40288b854a329988014a329a12f30002', '40288b854a329988014a329a12f30002', '1', '18521528980', NULL, NULL),
	('bbee57336ac528f8016ad519160106e9', '朱前', '5407B28F83215C78ACD9B9AB4F7ADD73', '', '1', '20190520195552', '20190520195650', '40288b854a329988014a329a12f30002', '40288b854a329988014a329a12f30002', '1', '13661782992', NULL, NULL),
	('bbee57336ac528f8016ad519160106ed', '张文文', '5B1C0C8F3774FC03D8231746F4260049', '', '1', '20190520195552', '20190520195706', '40288b854a329988014a329a12f30002', '40288b854a329988014a329a12f30002', '1', '13699186124', NULL, NULL),
	('bbee57336ac528f8016ad519161106f0', '邵雨沐', 'C51C5CEB7FFAEAAE8B7C5E3B3A851AF0', '', '1', '20190520195552', '20190520195650', '40288b854a329988014a329a12f30002', '40288b854a329988014a329a12f30002', '1', '15851804773', NULL, NULL),
	('bbee57336ac528f8016ad519161106f4', '马金', 'CFD5B433A5C5C195D10C2E95223C1EF6', '', '1', '20190520195552', '20190520195706', '40288b854a329988014a329a12f30002', '40288b854a329988014a329a12f30002', '1', '18388065781', NULL, NULL),
	('bbee57336ac528f8016ad519161106f7', '贾芸', 'E54228526AA13685504E27A2A33ACED6', '', '1', '20190520195552', '20190520195650', '40288b854a329988014a329a12f30002', '40288b854a329988014a329a12f30002', '1', '13021928458', NULL, NULL),
	('bbee57336ac528f8016ad519161106fb', '孙悦', 'CEB9CAAFE7D73CA3F55EE90295FDC7D8', '', '1', '20190520195552', '20190520195706', '40288b854a329988014a329a12f30002', '40288b854a329988014a329a12f30002', '1', '17519409631', '20190529092158', 'bbee57336add8ffd016b0131dea80229'),
	('bbee57336ac528f8016ad519162006fe', '蒋世伟', '013315B1646F96CB4EEC75D4399D3DAD', '', '4', '20190520195552', '20190520195650', '40288b854a329988014a329a12f30002', '40288b854a329988014a329a12f30002', '1', '18612463638', '20190524214820', 'bbee57336ac528f8016ad882259b0d31'),
	('bbee57336ac528f8016ad51916200701', '卢林霞', '57E108A99E751E444BF8E9EDAA989ECE', '', '1', '20190520195552', '20190520195650', '40288b854a329988014a329a12f30002', '40288b854a329988014a329a12f30002', '1', '15210309782', NULL, NULL),
	('bbee57336ac528f8016ad51916200705', '解文垚', 'D2A7F381154351E639FC6210D6080BD3', '', '1', '20190520195552', '20190520195705', '40288b854a329988014a329a12f30002', '40288b854a329988014a329a12f30002', '1', '13135510955', NULL, NULL),
	('bbee57336ac528f8016ad51916200708', '杨晨', 'AED77172FB9B01493B71C5D8421C6427', '', '1', '20190520195552', '20190520195650', '40288b854a329988014a329a12f30002', '40288b854a329988014a329a12f30002', '1', '13463617075', NULL, NULL),
	('bbee57336ac528f8016ad5191630070b', '张宇鑫', '386DC2939BF619FE19111AA48B40EA83', '', '1', '20190520195552', '20190520195706', '40288b854a329988014a329a12f30002', '40288b854a329988014a329a12f30002', '1', '18202798612', NULL, NULL),
	('bbee57336ac528f8016ad5191630070e', '韩金金', '722CBFD0492E3C07396B88784A875723', '', '1', '20190520195552', '20190520195650', '40288b854a329988014a329a12f30002', '40288b854a329988014a329a12f30002', '1', '16651620981', NULL, NULL),
	('bbee57336ac528f8016ad51916300712', '李书瑶', '53EFACA71C638F3F2FCBAA55C80BF60B', '', '1', '20190520195552', '20190520195706', '40288b854a329988014a329a12f30002', '40288b854a329988014a329a12f30002', '1', '13278992088', '20190529142216', 'bbee57336add8ffd016afdac1eb101e8'),
	('bbee57336ac528f8016ad51916300716', '黄琪雅', '6961F289112D75B096411E13AA8F823D', '', '1', '20190520195552', '20190520195650', '40288b854a329988014a329a12f30002', '40288b854a329988014a329a12f30002', '1', '18883340595', NULL, NULL),
	('bbee57336ac528f8016ad51916400719', '章顺凯', '5130D5FE3A3D2B70E0267A2B8E32F64C', '', '1', '20190520195552', '20190520195650', '40288b854a329988014a329a12f30002', '40288b854a329988014a329a12f30002', '1', '17526624407', '20190528151535', 'bbee57336add8ffd016afd38f0db01b0'),
	('bbee57336ac528f8016ad5191640071d', '李硕', '559989EF37349B9810B18D6BE4E5E9CE', '', '1', '20190520195552', '20190520195705', '40288b854a329988014a329a12f30002', '40288b854a329988014a329a12f30002', '1', '15210796224', NULL, NULL),
	('bbee57336ac528f8016ad51916400720', '张雅文', '926E3042C7EBACF9B5699B7B8EE15080', '', '1', '20190520195552', '20190520195650', '40288b854a329988014a329a12f30002', '40288b854a329988014a329a12f30002', '1', '18120173861', NULL, NULL),
	('bbee57336ac528f8016ad519164f0723', '徐云晴', 'D10AC8AE0D4D9F0562836999DC92B723', '', '1', '20190520195552', '20190520195706', '40288b854a329988014a329a12f30002', '40288b854a329988014a329a12f30002', '1', '18772300806', NULL, NULL),
	('bbee57336ac528f8016ad519164f0727', '贾婧', 'FC9F090B6EC36ED9E1D1C46C6ECB63F1', '', '1', '20190520195552', '20190520195650', '40288b854a329988014a329a12f30002', '40288b854a329988014a329a12f30002', '1', '15210262807', '20190521084801', 'bbee57336ac528f8016ad7dc78d30d24'),
	('bbee57336ac528f8016ad519164f072a', '罗书刚', '7FADC54CC225834BB364D47BDB3B7778', '', '1', '20190520195552', '20190520195706', '40288b854a329988014a329a12f30002', '40288b854a329988014a329a12f30002', '1', '17638104729', NULL, NULL),
	('bbee57336ac528f8016ad519165f072e', '邢晓静', '80F6774E10DB95A0C18EE12499D122DD', '', '1', '20190520195552', '20190520195650', '40288b854a329988014a329a12f30002', '40288b854a329988014a329a12f30002', '1', '13331020845', NULL, NULL),
	('bbee57336ac528f8016ad519165f0731', '杨慧芳', '550FF293BAB9E7673F86FF441DA408CB', '', '1', '20190520195552', '20190520195706', '40288b854a329988014a329a12f30002', '40288b854a329988014a329a12f30002', '1', '18012911323', NULL, NULL),
	('bbee57336ac528f8016ad519165f0734', '甄伟欢', 'B37E48ED48E02EBD1D48A924760C8AA4', '', '1', '20190520195552', '20190520195650', '40288b854a329988014a329a12f30002', '40288b854a329988014a329a12f30002', '1', '17600857916', NULL, NULL),
	('bbee57336ac528f8016ad519166f0738', '邢晓静', 'A062FF4E5ED6100572A4E757F8CFFF34', '', '1', '20190520195552', '20190520195650', '40288b854a329988014a329a12f30002', '40288b854a329988014a329a12f30002', '1', '15801215802', NULL, NULL),
	('bbee57336ac528f8016ad519166f073c', '刘立洋', '920C1240187C44AA4DE9B7A86A74DCA8', '', '1', '20190520195552', '20190520195705', '40288b854a329988014a329a12f30002', '40288b854a329988014a329a12f30002', '1', '18710297210', NULL, NULL),
	('bbee57336ac528f8016ad519166f0741', '赵蕾', 'A3200B92FA6C19A68D52A48A8E87237E', '', '1', '20190520195552', '20190520195650', '40288b854a329988014a329a12f30002', '40288b854a329988014a329a12f30002', '1', '18839967821', NULL, NULL),
	('bbee57336ac528f8016ad519167e0746', '王诗文', '7F35071F0BBE58C55CF4D9AE89F0404F', '', '1', '20190520195552', '20190520195706', '40288b854a329988014a329a12f30002', '40288b854a329988014a329a12f30002', '1', '13126784556', NULL, NULL),
	('bbee57336ac528f8016ad519167e074a', '马佳骏', '085F967FDA4609BF063764F656142562', '', '1', '20190520195552', '20190520195650', '40288b854a329988014a329a12f30002', '40288b854a329988014a329a12f30002', '1', '19801207251', NULL, NULL),
	('bbee57336ac528f8016ad519167e074e', '刘思芮', '796FE86F4A16A6023C919ED4FDEF8870', '', '1', '20190520195552', '20190520195706', '40288b854a329988014a329a12f30002', '40288b854a329988014a329a12f30002', '1', '15319920917', NULL, NULL),
	('bbee57336ac528f8016ad519168e0752', '范龙龙', 'BD2591FE66535FF84FFA71D8ED1B3CAC', '', '1', '20190520195552', '20190520195650', '40288b854a329988014a329a12f30002', '40288b854a329988014a329a12f30002', '1', '18701082475', NULL, NULL),
	('bbee57336ac528f8016ad519168e0755', '王美南', '088FD90AF0E485EC9598F31FCCD71E87', '', '1', '20190520195552', '20190520195650', '40288b854a329988014a329a12f30002', '40288b854a329988014a329a12f30002', '1', '13717516953', NULL, NULL),
	('bbee57336ac528f8016ad519168e0758', '尚媛', '76E7354F8FFEFF91A5551AFF56FE405B', '', '1', '20190520195552', '20190520195705', '40288b854a329988014a329a12f30002', '40288b854a329988014a329a12f30002', '1', '15010703413', NULL, NULL),
	('bbee57336ac528f8016ad519169d075d', '吕亮金', '99B8970EAA00D6FF8DF4081DD77BAB7C', '', '1', '20190520195552', '20190520195650', '40288b854a329988014a329a12f30002', '40288b854a329988014a329a12f30002', '1', '15117932342', NULL, NULL),
	('bbee57336ac528f8016ad519169d0762', '杨威', '45D3F2089773C58CEAF4BF0AD8A290EC', '', '1', '20190520195552', '20190520195706', '40288b854a329988014a329a12f30002', '40288b854a329988014a329a12f30002', '1', '18811443667', NULL, NULL),
	('bbee57336ac528f8016ad519169d0765', '赵风', '3349679E002B2A668D359FB512065C50', '', '1', '20190520195552', '20190520195650', '40288b854a329988014a329a12f30002', '40288b854a329988014a329a12f30002', '1', '13521687202', NULL, NULL),
	('bbee57336ac528f8016ad51916ad0769', '叶雨晴', 'C8E88132C0A1441D6CFA3B9830AFCB50', '', '1', '20190520195552', '20190520195706', '40288b854a329988014a329a12f30002', '40288b854a329988014a329a12f30002', '1', '18768458424', NULL, NULL),
	('bbee57336ac528f8016ad51916ad076d', '芦西', '3C40E727769AD08B4931BFC308639FE9', '', '1', '20190520195552', '20190520195650', '40288b854a329988014a329a12f30002', '40288b854a329988014a329a12f30002', '1', '13691108425', '20190521101733', NULL),
	('bbee57336ac528f8016ad51916ad0770', '李托夫', 'F64A37B746DCC4AA55DF034682EBA2DB', '', '1', '20190520195552', '20190520195706', '40288b854a329988014a329a12f30002', '40288b854a329988014a329a12f30002', '1', '18600703755', NULL, NULL),
	('bbee57336ac528f8016ad51916bd0774', '张梦', '16541BDEC645C17C384D52A644618EDE', '', '1', '20190520195552', '20190520195650', '40288b854a329988014a329a12f30002', '40288b854a329988014a329a12f30002', '1', '18873621270', NULL, NULL),
	('bbee57336ac528f8016ad51916bd0779', 'Albert-黄亦俊', 'AF4E8EAE6E2D82F2203CC802D7AB7F74', '', '1', '20190520195552', '20190520195650', '40288b854a329988014a329a12f30002', '40288b854a329988014a329a12f30002', '1', '18205776656', NULL, NULL),
	('bbee57336ac528f8016ad51916cc077f', '闫培君', 'CE960B00597E217D78950560B6EE5A8F', '', '1', '20190520195552', '20190520195705', '40288b854a329988014a329a12f30002', '40288b854a329988014a329a12f30002', '1', '15584562601', NULL, NULL),
	('bbee57336ac528f8016ad51916cc0784', '申晓敏', 'D9DBF99E6323C45B1D869340DFD11517', '', '1', '20190520195552', '20190520195650', '40288b854a329988014a329a12f30002', '40288b854a329988014a329a12f30002', '1', '18712903372', NULL, NULL),
	('bbee57336ac528f8016ad51916cc0788', '程晨', 'F0647E98E5248E9AB2779DB4AE877A70', '', '1', '20190520195552', '20190520195706', '40288b854a329988014a329a12f30002', '40288b854a329988014a329a12f30002', '1', '18186384134', NULL, NULL),
	('bbee57336ac528f8016ad51916dc078d', '王本晨', '0823349450E35358E47FBC8CB6007EBC', '', '1', '20190520195552', '20190520195650', '40288b854a329988014a329a12f30002', '40288b854a329988014a329a12f30002', '1', '15736504271', NULL, NULL),
	('bbee57336ac528f8016ad51916dc0790', '巩玲建', 'BAF2EF93AAA32031D358621E97D9F946', '', '1', '20190520195552', '20190520195706', '40288b854a329988014a329a12f30002', '40288b854a329988014a329a12f30002', '1', '18612566147', NULL, NULL),
	('bbee57336ac528f8016ad51916dc0794', '胡婷', '038A4B84A5D6D0559FEF3D147781759B', '', '1', '20190520195552', '20190520195650', '40288b854a329988014a329a12f30002', '40288b854a329988014a329a12f30002', '1', '18670758220', '20190605163850', 'bbee57336add8ffd016b06c36e330278'),
	('bbee57336ac528f8016ad51916ec0798', '曾君', '4C6330AFEBF815CD5085FC8D9A707035', '', '1', '20190520195552', '20190520195650', '40288b854a329988014a329a12f30002', '40288b854a329988014a329a12f30002', '1', '18667045891', '20190528210336', 'bbee57336add8ffd016afc8754590170'),
	('bbee57336ac528f8016ad51916ec079c', '陈娟娟', '7B5A708AFB7D88362947338B7747E124', '', '1', '20190520195552', '20190520195705', '40288b854a329988014a329a12f30002', '40288b854a329988014a329a12f30002', '1', '15022709769', NULL, NULL),
	('bbee57336ac528f8016ad51916ec079f', '张林鹏', '5F199CC56E1C9967C613DC5E8F11047B', '', '1', '20190520195552', '20190520195650', '40288b854a329988014a329a12f30002', '40288b854a329988014a329a12f30002', '1', '18638698934', NULL, NULL),
	('bbee57336ac528f8016ad51916fb07a1', 'Sammi', '4098A0A0FBA2B6002788DDAAD19023E8', '', '1', '20190520195552', '20190520195705', '40288b854a329988014a329a12f30002', '40288b854a329988014a329a12f30002', '1', '18321990875', '20190619093732', 'bbee57336add8ffd016afc841914015f'),
	('bbee57336ac528f8016ad51916fb07a7', '李屹璇', '6FB70FAC655464B1A2300CE9D9608602', '', '1', '20190520195552', '20190520195650', '40288b854a329988014a329a12f30002', '40288b854a329988014a329a12f30002', '1', '15890095169', NULL, NULL),
	('bbee57336ac528f8016ad519170b07ab', '戴国骏(Eddie)', 'A0972934423E0B660E79399E41E96E03', '', '1', '20190520195552', '20190520195706', '40288b854a329988014a329a12f30002', '40288b854a329988014a329a12f30002', '1', '18268564116', NULL, NULL),
	('bbee57336ac528f8016ad519170b07ae', '施栩奔', 'A9BD54B6A2B442BFC40E21C140EF4496', '', '1', '20190520195552', '20190520195650', '40288b854a329988014a329a12f30002', '40288b854a329988014a329a12f30002', '1', '13777401200', NULL, NULL),
	('bbee57336ac528f8016ad519171a07b1', 'Jessica贾双', '72BFE4D8CAA6AC88FDC41D4CFCA493E1', '', '1', '20190520195552', '20190520195706', '40288b854a329988014a329a12f30002', '40288b854a329988014a329a12f30002', '1', '15912409754', NULL, NULL),
	('bbee57336ac528f8016ad519171a07b4', '张盟', 'CAE6C4F898A304CBCA6120CF86406308', '', '1', '20190520195552', '20190520195650', '40288b854a329988014a329a12f30002', '40288b854a329988014a329a12f30002', '1', '13732913262', NULL, NULL),
	('bbee57336ac528f8016ad519171a07b7', '李想', '1506EF9613B2AF2BC101BEB415825B38', '', '1', '20190520195552', '20190520195650', '40288b854a329988014a329a12f30002', '40288b854a329988014a329a12f30002', '1', '18703668403', NULL, NULL),
	('bbee57336ac528f8016ad519172a07bb', '钟恩娴', '1453F1635569904BEB50BDBC17BE261A', '', '1', '20190520195552', '20190520195705', '40288b854a329988014a329a12f30002', '40288b854a329988014a329a12f30002', '1', '18818586190', NULL, NULL),
	('bbee57336ac528f8016ad519172a07bf', '左雪', '59B92A03D17AA6C806CBE801EBA2AE6D', '', '1', '20190520195552', '20190520195650', '40288b854a329988014a329a12f30002', '40288b854a329988014a329a12f30002', '1', '13520842068', '20190618113242', 'bbee57336add8ffd016b2ca7e3a402c4'),
	('bbee57336ac528f8016ad519174907c1', '王玲', 'F5F0C5F49445D8C8F3FC4CE6CDCA0EEC', '', '1', '20190520195552', '20190520195706', '40288b854a329988014a329a12f30002', '40288b854a329988014a329a12f30002', '1', '15827387512', NULL, NULL),
	('bbee57336ac528f8016ad519174907c4', '金晶', 'FD3E5008A809CDFC80C601BEB0D66F49', '', '1', '20190520195552', '20190520195650', '40288b854a329988014a329a12f30002', '40288b854a329988014a329a12f30002', '1', '18817893107', NULL, NULL),
	('bbee57336ac528f8016ad519174907c9', '段林芳', '8A99FC28EC889C9F592D5BB5163DBC6B', '', '1', '20190520195552', '20190520195706', '40288b854a329988014a329a12f30002', '40288b854a329988014a329a12f30002', '1', '18500391357', NULL, NULL),
	('bbee57336ac528f8016ad519175907cd', '赵质博', '8D4651B69896C5DDAF87294774A6F6A4', '', '1', '20190520195552', '20190520195650', '40288b854a329988014a329a12f30002', '40288b854a329988014a329a12f30002', '1', '18122423381', NULL, NULL),
	('bbee57336ac528f8016ad519175907d2', '张雨彤', 'A5DABACCBD726B55D403878811EEF470', '', '1', '20190520195552', '20190520195650', '40288b854a329988014a329a12f30002', '40288b854a329988014a329a12f30002', '1', '13811230405', NULL, NULL),
	('bbee57336ac528f8016ad519175907d7', '吴红芝', '7515ABA84953DF6BFAAFAA0AF34BA9AC', '', '1', '20190520195552', '20190520195705', '40288b854a329988014a329a12f30002', '40288b854a329988014a329a12f30002', '1', '13588404154', NULL, NULL),
	('bbee57336ac528f8016ad519175907dc', '刘玲', 'D55B3445C3374F03BC753DA6EE896FE3', '', '1', '20190520195552', '20190520195650', '40288b854a329988014a329a12f30002', '40288b854a329988014a329a12f30002', '1', '18826230102', NULL, NULL),
	('bbee57336ac528f8016ad519176907e1', '王荣', '1CFBE9FF1DEC149CCA4955C1D69D7FF1', '', '1', '20190520195552', '20190520195706', '40288b854a329988014a329a12f30002', '40288b854a329988014a329a12f30002', '1', '19928870029', '20190603121454', NULL),
	('bbee57336ac528f8016ad519176907e5', '黄煜桐', 'EE2C03442A9E567FFF07A408E9A53B20', '', '1', '20190520195552', '20190520195650', '40288b854a329988014a329a12f30002', '40288b854a329988014a329a12f30002', '1', '18515458179', NULL, NULL),
	('bbee57336ac528f8016ad519176907ea', '张可春', 'B29186686E360C7C63B04578797F569D', '', '1', '20190520195552', '20190520195706', '40288b854a329988014a329a12f30002', '40288b854a329988014a329a12f30002', '1', '18810079551', NULL, NULL),
	('bbee57336ac528f8016ad519176907ef', '王静雯', '4DADE6889F1D631F165CAD6AD41C6832', '', '1', '20190520195552', '20190520195650', '40288b854a329988014a329a12f30002', '40288b854a329988014a329a12f30002', '1', '18202565701', NULL, NULL),
	('bbee57336ac528f8016ad519176907f3', '汤蕾', 'B6E7DE5294CF41E8E138B2DD7959D63A', '', '1', '20190520195552', '20190520195706', '40288b854a329988014a329a12f30002', '40288b854a329988014a329a12f30002', '1', '13717503297', NULL, NULL),
	('bbee57336ac528f8016ad519176907f8', '赵文涛', 'BF54C1F3276B2F1E88DB9E4E6B1B62DF', '', '1', '20190520195552', '20190520195650', '40288b854a329988014a329a12f30002', '40288b854a329988014a329a12f30002', '1', '17611266265', NULL, NULL),
	('bbee57336ac528f8016ad519177807fd', '初延明', 'E41B45DBB4CA7B2476AA76E290D93257', '', '1', '20190520195552', '20190520195650', '40288b854a329988014a329a12f30002', '40288b854a329988014a329a12f30002', '1', '15711472049', NULL, NULL),
	('bbee57336ac528f8016ad51917780801', '李芋静', '81A6540F7E58B54CB29280F8CD745017', '', '1', '20190520195552', '20190520195705', '40288b854a329988014a329a12f30002', '40288b854a329988014a329a12f30002', '1', '18213970295', NULL, NULL),
	('bbee57336ac528f8016ad51917780806', '朱轲', '4257E3C838894979C2A116CB01F18C1E', '', '1', '20190520195552', '20190520195650', '40288b854a329988014a329a12f30002', '40288b854a329988014a329a12f30002', '1', '18395636812', NULL, NULL),
	('bbee57336ac528f8016ad5191778080b', '李唱娃', '0F337F8DEBD5E08F1E0144C4416DDA52', '', '1', '20190520195552', '20190520195706', '40288b854a329988014a329a12f30002', '40288b854a329988014a329a12f30002', '1', '13031198948', NULL, NULL),
	('bbee57336ac528f8016ad51917880810', '张道成', '5B1EDC9AC1C128C7D0BF8063261E494E', '', '1', '20190520195552', '20190520195650', '40288b854a329988014a329a12f30002', '40288b854a329988014a329a12f30002', '1', '18526117790', '20190528152126', 'bbee57336add8ffd016afd519ad101d4'),
	('bbee57336ac528f8016ad51917880815', '陈锐敏', 'F02A65DDE5320E6F592563296C29B11F', '', '1', '20190520195552', '20190520195706', '40288b854a329988014a329a12f30002', '40288b854a329988014a329a12f30002', '1', '18588778771', NULL, NULL),
	('bbee57336ac528f8016ad51917880819', '熊宏瑶', '617F8098976DB7DD0EB063D018F378EF', '', '1', '20190520195552', '20190520195650', '40288b854a329988014a329a12f30002', '40288b854a329988014a329a12f30002', '1', '18910085808', NULL, NULL),
	('bbee57336ac528f8016ad5191788081c', '张坤明', '1E63733F8C0F92A55C2A183D6C4EF4DE', '', '1', '20190520195552', '20190520195650', '40288b854a329988014a329a12f30002', '40288b854a329988014a329a12f30002', '1', '15901566353', NULL, NULL),
	('bbee57336ac528f8016ad51917b70829', '冯卓', 'D0374CD7E9BE2A9CC3E3ADD4BFBEC372', '', '1', '20190520195552', '20190520195705', '40288b854a329988014a329a12f30002', '40288b854a329988014a329a12f30002', '1', '15117937295', NULL, NULL),
	('bbee57336ac528f8016ad51917b7082d', '陈高峰', '3A67565D3036B45010F9A888F119CD34', '', '1', '20190520195552', '20190520195650', '40288b854a329988014a329a12f30002', '40288b854a329988014a329a12f30002', '1', '13651159105', NULL, NULL),
	('bbee57336ac528f8016ad51917b70830', '周璇', 'AAD62170DC1C5C8E33B19AE03EDE4C46', '', '1', '20190520195552', '20190520195706', '40288b854a329988014a329a12f30002', '40288b854a329988014a329a12f30002', '1', '18559318595', NULL, NULL),
	('bbee57336ac528f8016ad51917b70833', '毛宝苓', '0E6B4ADD369021047AA10736B1F17C74', '', '1', '20190520195552', '20190520195650', '40288b854a329988014a329a12f30002', '40288b854a329988014a329a12f30002', '1', '13629492620', NULL, NULL),
	('bbee57336ac528f8016ad51917c60837', '蔡蓉蓉', '5F8D7A34537F20AAFECC27EE3D97B8A4', '', '1', '20190520195552', '20190520195706', '40288b854a329988014a329a12f30002', '40288b854a329988014a329a12f30002', '1', '18510999112', NULL, NULL),
	('bbee57336ac528f8016ad51917c6083a', '赵紫龙', '2F51F5D643B841E5D0E3C97F6B7D482E', '', '1', '20190520195552', '20190520195650', '40288b854a329988014a329a12f30002', '40288b854a329988014a329a12f30002', '1', '15810276932', NULL, NULL),
	('bbee57336ac528f8016ad51917c6083d', '王晨', '420E61E9A8833E66DB9DB5ED6330F93B', '', '1', '20190520195552', '20190520195706', '40288b854a329988014a329a12f30002', '40288b854a329988014a329a12f30002', '1', '17721572413', NULL, NULL),
	('bbee57336ac528f8016ad51917c60841', '文雯', 'D5DE9F73F5861E3C9B7F868EE153FCF6', '', '1', '20190520195552', '20190520195650', '40288b854a329988014a329a12f30002', '40288b854a329988014a329a12f30002', '1', '18819152376', NULL, NULL),
	('bbee57336ac528f8016ad51917d60844', '范洁琼', 'FEF99E17991D318E03BC8C87BA20FA40', '', '1', '20190520195552', '20190520195650', '40288b854a329988014a329a12f30002', '40288b854a329988014a329a12f30002', '1', '15573140415', NULL, NULL),
	('bbee57336ac528f8016ad51917d60847', '汪仁尚', '4F8932E9C884DA0B64C20D7186B28343', '', '1', '20190520195552', '20190520195705', '40288b854a329988014a329a12f30002', '40288b854a329988014a329a12f30002', '1', '18825866269', NULL, NULL),
	('bbee57336ac528f8016ad51917d6084a', '张梦怡', '9DE4A23EF05B68D828F2A02C444C64A4', '', '1', '20190520195552', '20190520195650', '40288b854a329988014a329a12f30002', '40288b854a329988014a329a12f30002', '1', '15801002041', NULL, NULL),
	('bbee57336ac528f8016ad51917d6084d', '刘静烨', '5A12D4FE231BEE3BC2E0343594CFDB9B', '', '1', '20190520195552', '20190520195706', '40288b854a329988014a329a12f30002', '40288b854a329988014a329a12f30002', '1', '18913901011', NULL, NULL),
	('bbee57336ac528f8016ad51917d60850', '刘诗楠', '89A6AFB6B3B452B618A7E0710A4BFD92', '', '1', '20190520195552', '20190520195650', '40288b854a329988014a329a12f30002', '40288b854a329988014a329a12f30002', '1', '18617350527', NULL, NULL),
	('bbee57336ac528f8016ad51917e60853', '蔡晓辉', '82DF9A54658407964D2961075EAFD03B', '', '1', '20190520195552', '20190520195706', '40288b854a329988014a329a12f30002', '40288b854a329988014a329a12f30002', '1', '13425670402', NULL, NULL),
	('bbee57336ac528f8016ad51917e60856', '银川', 'FC0C9FDB8D3ECA5645D9336B2670F94B', '', '1', '20190520195552', '20190520195650', '40288b854a329988014a329a12f30002', '40288b854a329988014a329a12f30002', '1', '17337592977', NULL, NULL),
	('bbee57336ac528f8016ad51917e6085a', '张晓玲', '5B76109373DA5B2249F921D06278D522', '', '1', '20190520195552', '20190520195650', '40288b854a329988014a329a12f30002', '40288b854a329988014a329a12f30002', '1', '13826080523', NULL, NULL),
	('bbee57336ac528f8016ad51917e6085d', '孙杰', 'E01688E865E7E9FE968FCE8A25E9C68B', '', '1', '20190520195552', '20190520195705', '40288b854a329988014a329a12f30002', '40288b854a329988014a329a12f30002', '1', '18511252252', '20190617154438', 'bbee57336add8ffd016b4596a35803cd'),
	('bbee57336ac528f8016ad51917f50860', '王洪雯', 'DE49E30315CE41891D4C05A38D150C62', '', '1', '20190520195552', '20190520195650', '40288b854a329988014a329a12f30002', '40288b854a329988014a329a12f30002', '1', '13199220233', NULL, NULL),
	('bbee57336ac528f8016ad51917f50863', '施鹤鸣', '746DDB1FE81FF5CF6F8140AA8BE22C9D', '', '1', '20190520195552', '20190520195706', '40288b854a329988014a329a12f30002', '40288b854a329988014a329a12f30002', '1', '13605658147', NULL, NULL),
	('bbee57336ac528f8016ad51917f50868', '刘鹏飞', '70DFD3E3C18E7AD3B7573E048DEE4BC6', '', '1', '20190520195552', '20190520195650', '40288b854a329988014a329a12f30002', '40288b854a329988014a329a12f30002', '1', '18631055189', NULL, NULL),
	('bbee57336ac528f8016ad51917f5086b', '王紫薇', '2A345F027C20C56E4A4AC2955F7692EF', '', '1', '20190520195552', '20190610141913', '40288b854a329988014a329a12f30002', 'bbee57336ac528f8016ad8a70e560d3e', '2', 'bbee57336ac528f8016ad51917f5086b', '20190603091101', 'bbee57336ad91684016ad9bb057e0050'),
	('bbee57336ac528f8016ad5191805086e', '杨如', '3053433BB69B9B11D8DD8D7397C25542', '', '1', '20190520195552', '20190520195650', '40288b854a329988014a329a12f30002', '40288b854a329988014a329a12f30002', '1', '13152190525', NULL, NULL),
	('bbee57336ac528f8016ad51918050872', '陈浩臻', 'E200C01F0E42F77DE45346FF4F12DA43', '', '1', '20190520195552', '20190520195706', '40288b854a329988014a329a12f30002', '40288b854a329988014a329a12f30002', '1', '13925901533', NULL, NULL),
	('bbee57336ac528f8016ad51918050875', '吴心怡', 'DA827CCBB288E19D45F296A6AE5E5DF4', '', '1', '20190520195552', '20190520195650', '40288b854a329988014a329a12f30002', '40288b854a329988014a329a12f30002', '1', '18114420075', NULL, NULL),
	('bbee57336ac528f8016ad51918050878', '谢桥月', 'C311E7812661E7DE261C5262518AC8B4', '', '1', '20190520195552', '20190520195650', '40288b854a329988014a329a12f30002', '40288b854a329988014a329a12f30002', '1', '13120693356', NULL, NULL),
	('bbee57336ac528f8016ad5191805087c', '侯飞', 'AB1B83EE9551D200ABB19BF61F12108B', '', '1', '20190520195552', '20190520195705', '40288b854a329988014a329a12f30002', '40288b854a329988014a329a12f30002', '1', '18811522721', '20190530172303', 'bbee57336add8ffd016b080d19a50293'),
	('bbee57336ac528f8016ad5191814087f', '郭嘉欣', '6EA747EE7AFB97675BCF08394E3D3C67', '', '1', '20190520195552', '20190520195650', '40288b854a329988014a329a12f30002', '40288b854a329988014a329a12f30002', '1', '15918786442', NULL, NULL),
	('bbee57336ac528f8016ad51918140882', '黄丹', '0A2AFF5D549057C2A71903BD9BE2ECFA', '', '1', '20190520195552', '20190520195706', '40288b854a329988014a329a12f30002', '40288b854a329988014a329a12f30002', '1', '17611138680', NULL, NULL),
	('bbee57336ac528f8016ad51918140885', '张闯', '736DB9296220A207EA0C6F6A956DC2CD', '', '1', '20190520195552', '20190520195650', '40288b854a329988014a329a12f30002', '40288b854a329988014a329a12f30002', '1', '18500054775', NULL, NULL),
	('bbee57336ac528f8016ad5191814088a', '王美英', '7CD83C5469313F563E6CADE94EB8EAEA', '', '1', '20190520195552', '20190520195706', '40288b854a329988014a329a12f30002', '40288b854a329988014a329a12f30002', '1', '13522399626', NULL, NULL),
	('bbee57336ac528f8016ad5191824088d', '于剑飞', 'E6B2CF2CCAA13AA54CE94294488B4DE1', '', '1', '20190520195552', '20190520195650', '40288b854a329988014a329a12f30002', '40288b854a329988014a329a12f30002', '1', '13810508792', NULL, NULL),
	('bbee57336ac528f8016ad51918240890', '陶俊', '2BC577753F9F6D300428C7B731F4F74F', '', '1', '20190520195552', '20190520195650', '40288b854a329988014a329a12f30002', '40288b854a329988014a329a12f30002', '1', '15821019380', '20190612163240', 'bbee57336b4ac717016b4ad2178a0049'),
	('bbee57336ac528f8016ad51918240893', '林瀚', '4DDD5116BA0CDC766FD3D26538774135', '', '1', '20190520195552', '20190520195705', '40288b854a329988014a329a12f30002', '40288b854a329988014a329a12f30002', '1', '15919710233', NULL, NULL),
	('bbee57336ac528f8016ad51918240896', '邢宏伟', '53245FEAE5AD18B8790E11030CF0DE96', '', '1', '20190520195552', '20190520195650', '40288b854a329988014a329a12f30002', '40288b854a329988014a329a12f30002', '1', '13161477623', NULL, NULL),
	('bbee57336ac528f8016ad51918240899', '李燕波', 'EBCAC92A390CCB40CCE85EE301F6709B', '', '1', '20190520195552', '20190520195706', '40288b854a329988014a329a12f30002', '40288b854a329988014a329a12f30002', '1', '13484468434', '20190618133554', 'bbee57336add8ffd016b01a23f45023d'),
	('bbee57336ac528f8016ad5191834089c', '许晓欢', '03C049FA72F39393D72E9A3BF068B91C', '', '1', '20190520195552', '20190520195650', '40288b854a329988014a329a12f30002', '40288b854a329988014a329a12f30002', '1', '18801151538', NULL, NULL),
	('bbee57336ac528f8016ad519183408a0', '赵进生', 'FBBA7DA99744370D8D7596A95DC58D96', '', '1', '20190520195552', '20190520195706', '40288b854a329988014a329a12f30002', '40288b854a329988014a329a12f30002', '1', '13601853970', NULL, NULL),
	('bbee57336ac528f8016ad519183408a3', '李李', 'D40789677C8C265D5CFAA618250ADBCD', '', '1', '20190520195552', '20190520195650', '40288b854a329988014a329a12f30002', '40288b854a329988014a329a12f30002', '1', '13810602820', NULL, NULL),
	('bbee57336ac528f8016ad519183408a7', '李恋', '230A7D358B27DC077772C7B3F14B0271', '', '1', '20190520195552', '20190520195706', '40288b854a329988014a329a12f30002', '40288b854a329988014a329a12f30002', '1', '15288478368', NULL, NULL),
	('bbee57336ac528f8016ad519184308aa', '刘铮', '9B7BE87414D8EB23D5EE32E7DFC9B8C9', '', '1', '20190520195552', '20190520195650', '40288b854a329988014a329a12f30002', '40288b854a329988014a329a12f30002', '1', '15001013970', NULL, NULL),
	('bbee57336ac528f8016ad519184308ae', '方晶', '1427E05EF221EDAE1AA2E20972EAC539', '', '1', '20190520195552', '20190520195650', '40288b854a329988014a329a12f30002', '40288b854a329988014a329a12f30002', '1', '18588609042', NULL, NULL),
	('bbee57336ac528f8016ad519184308b1', '蒋经纬', '1272DD034685E88103442C7440139CEC', '', '1', '20190520195552', '20190520195705', '40288b854a329988014a329a12f30002', '40288b854a329988014a329a12f30002', '1', '16601126205', NULL, NULL),
	('bbee57336ac528f8016ad519184308b4', '孙晶', '87DF0ED375709FD95A330BADE1F97FF6', '', '1', '20190520195552', '20190520195650', '40288b854a329988014a329a12f30002', '40288b854a329988014a329a12f30002', '1', '13910365936', '20190614115438', 'bbee57336b49cc56016b4aa6b3750177'),
	('bbee57336ac528f8016ad519185308b8', '樊珍', '133F11D13B60F982C6F75C4C21008D25', '', '1', '20190520195552', '20190520195706', '40288b854a329988014a329a12f30002', '40288b854a329988014a329a12f30002', '1', '15011505273', NULL, NULL),
	('bbee57336ac528f8016ad519185308bc', '杨朝倩', 'E8746F390DE979EA896FA5957356F2C9', '', '1', '20190520195552', '20190520195650', '40288b854a329988014a329a12f30002', '40288b854a329988014a329a12f30002', '1', '18811058154', NULL, NULL),
	('bbee57336ac528f8016ad519185308c0', '刘嘉成', '55FD941C61D2AC23A26E4DF5318C3DB0', '', '1', '20190520195552', '20190520195706', '40288b854a329988014a329a12f30002', '40288b854a329988014a329a12f30002', '1', '13811805332', NULL, NULL),
	('bbee57336ac528f8016ad519185308c3', '吴涛', 'FE0D5C709B3DDE0726FECA22D0424010', '', '1', '20190520195552', '20190520195706', '40288b854a329988014a329a12f30002', '40288b854a329988014a329a12f30002', '1', '18511989426', NULL, NULL),
	('bbee57336ac528f8016ad519185308c6', '李晓清', '3D4D3CEFDDEE8B1CE0FEDEB69D0EAC14', '', '1', '20190520195552', '20190520195650', '40288b854a329988014a329a12f30002', '40288b854a329988014a329a12f30002', '1', '15031328059', NULL, NULL),
	('bbee57336ac528f8016ad519186308c9', '贾航', 'C4B0FC3F7A6ED6912BA73FCB31646B5A', '', '1', '20190520195552', '20190520195706', '40288b854a329988014a329a12f30002', '40288b854a329988014a329a12f30002', '1', '13161875310', NULL, NULL),
	('bbee57336ac528f8016ad519186308cc', '肖淑曼', 'F9112E682010E497F1BFD67DC33A9E8D', '', '1', '20190520195552', '20190520195650', '40288b854a329988014a329a12f30002', '40288b854a329988014a329a12f30002', '1', '13910438448', NULL, NULL),
	('bbee57336ac528f8016ad519186308d0', '曾志红', 'A11FC16CF511448F19D79D1AF7361532', '', '1', '20190520195552', '20190520195706', '40288b854a329988014a329a12f30002', '40288b854a329988014a329a12f30002', '1', '18718579056', NULL, NULL),
	('bbee57336ac528f8016ad519186308d3', '薛少燕', '4EA626EFDE2E493F851288694424507B', '', '1', '20190520195552', '20190520195650', '40288b854a329988014a329a12f30002', '40288b854a329988014a329a12f30002', '1', '15986386124', '20190528113656', NULL),
	('bbee57336ac528f8016ad519187208d6', '赵宏强', 'BF0328180ACE666002238DA205209C18', '', '1', '20190520195552', '20190520195650', '40288b854a329988014a329a12f30002', '40288b854a329988014a329a12f30002', '1', '13161712647', NULL, NULL),
	('bbee57336ac528f8016ad519187208d9', '成美玲', 'ECDD7BE6C91CD88128FFE1FE5B829154', '', '1', '20190520195552', '20190520195705', '40288b854a329988014a329a12f30002', '40288b854a329988014a329a12f30002', '1', '15001076394', '20190617153504', 'bbee57336add8ffd016b4657b30d0fae'),
	('bbee57336ac528f8016ad519187208dc', '李娟', '0C90235FFCAEF13D712AA3BADC78AE7C', '', '1', '20190520195552', '20190520195650', '40288b854a329988014a329a12f30002', '40288b854a329988014a329a12f30002', '1', '18709859449', NULL, NULL),
	('bbee57336ac528f8016ad519187208e0', '杨萌萌', '5B8786AD25074EA8D19A673D6A332C85', '', '1', '20190520195552', '20190520195706', '40288b854a329988014a329a12f30002', '40288b854a329988014a329a12f30002', '1', '13810658151', NULL, NULL),
	('bbee57336ac528f8016ad519187208e3', '李嫒', '43332FDBE0792E90C1F4765DFCB6D49F', '', '1', '20190520195552', '20190520195650', '40288b854a329988014a329a12f30002', '40288b854a329988014a329a12f30002', '1', '13263190621', NULL, NULL),
	('bbee57336ac528f8016ad519188208e7', '郑丽珅', '572EE561E7F4B11A17AFCF11774A7241', '', '1', '20190520195552', '20190520195706', '40288b854a329988014a329a12f30002', '40288b854a329988014a329a12f30002', '1', '13260159598', NULL, NULL),
	('bbee57336ac528f8016ad519188208eb', '范金迪', 'DA3BEC7D98A11CF2DA0B7508AD8E5928', '', '1', '20190520195552', '20190520195650', '40288b854a329988014a329a12f30002', '40288b854a329988014a329a12f30002', '1', '13621332216', NULL, NULL),
	('bbee57336ac528f8016ad519188208ef', '刘颖', 'BF2CDCA5E1C1F4620E5A80E6D033A9D1', '', '1', '20190520195552', '20190520195650', '40288b854a329988014a329a12f30002', '40288b854a329988014a329a12f30002', '1', '13726229175', NULL, NULL),
	('bbee57336ac528f8016ad519188208f3', '伍冠融', '238AD4ADAC2F09E40F3F9DCBFB411A9D', '', '1', '20190520195552', '20190520195705', '40288b854a329988014a329a12f30002', '40288b854a329988014a329a12f30002', '1', '15925199065', '20190618143339', NULL),
	('bbee57336ac528f8016ad519189108f7', '罗莹', '93B58029905FE39DB0EA230822447390', '', '1', '20190520195552', '20190520195650', '40288b854a329988014a329a12f30002', '40288b854a329988014a329a12f30002', '1', '18507178802', NULL, NULL),
	('bbee57336ac528f8016ad519189108fa', '阳菲', '35E95F47B8832C04C9189D0FDAA0DCE1', '', '1', '20190520195552', '20190520195706', '40288b854a329988014a329a12f30002', '40288b854a329988014a329a12f30002', '1', '13212791080', NULL, NULL),
	('bbee57336ac528f8016ad519189108fd', '任非', 'CE0E000715707BB308B85F88D99C9FD8', '', '1', '20190520195552', '20190520195650', '40288b854a329988014a329a12f30002', '40288b854a329988014a329a12f30002', '1', '18018197757', NULL, NULL),
	('bbee57336ac528f8016ad51918910901', '庄雅雯', 'AF8A6BC668DFB96B1C046D6B5F86DA5D', '', '1', '20190520195552', '20190520195706', '40288b854a329988014a329a12f30002', '40288b854a329988014a329a12f30002', '1', '13510131533', NULL, NULL),
	('bbee57336ac528f8016ad51918910904', '李晓晶', 'F3477A4B6F0A8FBEB121EC3B83A556F6', '', '1', '20190520195552', '20190520195650', '40288b854a329988014a329a12f30002', '40288b854a329988014a329a12f30002', '1', '13602153684', NULL, NULL),
	('bbee57336ac528f8016ad51918a10907', '黄艳云', '90590DA1109E6827FF5844AB2B71E604', '', '1', '20190520195552', '20190520195706', '40288b854a329988014a329a12f30002', '40288b854a329988014a329a12f30002', '1', '13764148450', '20190528150331', NULL),
	('bbee57336ac528f8016ad51918a1090a', '郭金珠', '4F9B418FA2803E7CAA4EFA08EBDEEF9C', '', '1', '20190520195552', '20190520195650', '40288b854a329988014a329a12f30002', '40288b854a329988014a329a12f30002', '1', '13811119390', '20190531173546', NULL),
	('bbee57336ac528f8016ad51918a1090d', '严凤', '1D12C3BE34B0C4589FD3DC0692671F26', '', '1', '20190520195552', '20190520195650', '40288b854a329988014a329a12f30002', '40288b854a329988014a329a12f30002', '1', '13524583659', NULL, NULL),
	('bbee57336ac528f8016ad51918a10910', '廖雨辰', '4023B647AF264EE99370AB274C3758F5', '', '1', '20190520195552', '20190520195705', '40288b854a329988014a329a12f30002', '40288b854a329988014a329a12f30002', '1', '13755673295', NULL, NULL),
	('bbee57336ac528f8016ad51918a10914', '王颖', '8BAF4320575A4E3D27E927B96B992B3D', '', '1', '20190520195552', '20190520195650', '40288b854a329988014a329a12f30002', '40288b854a329988014a329a12f30002', '1', '18314454933', NULL, NULL),
	('bbee57336ac528f8016ad51918b10917', '崔鹤延', '1E7A5C85512B6C205F30723D1EA7F047', '', '1', '20190520195552', '20190520195706', '40288b854a329988014a329a12f30002', '40288b854a329988014a329a12f30002', '1', '18810106517', NULL, NULL),
	('bbee57336ac528f8016ad51918b1091a', '杨尚琴', 'FB5BE6DBABAF7B0D230D63AFFF70402A', '', '1', '20190520195552', '20190520195650', '40288b854a329988014a329a12f30002', '40288b854a329988014a329a12f30002', '1', '18310644866', NULL, NULL),
	('bbee57336ac528f8016ad51918b1091e', '徐尤龙元', 'C79401E82F927D72D5FED594072D3DF7', '', '1', '20190520195552', '20190520195706', '40288b854a329988014a329a12f30002', '40288b854a329988014a329a12f30002', '1', '18539935134', NULL, NULL),
	('bbee57336ac528f8016ad51918b10921', '李奕桐', 'C644B6C26D83214A689A25611C484310', '', '1', '20190520195552', '20190520195650', '40288b854a329988014a329a12f30002', '40288b854a329988014a329a12f30002', '1', '15925117861', NULL, NULL),
	('bbee57336ac528f8016ad51918c00925', '白恒于', 'AC87993F3C399E5BA90CD2E2EC6C114C', '', '1', '20190520195552', '20190520195650', '40288b854a329988014a329a12f30002', '40288b854a329988014a329a12f30002', '1', '15210360053', NULL, NULL),
	('bbee57336ac528f8016ad51918c00929', '王双', '86CFC7A606CA7B33A1155EAE9EA8DFC5', '', '1', '20190520195552', '20190520195705', '40288b854a329988014a329a12f30002', '40288b854a329988014a329a12f30002', '1', '13632531340', NULL, NULL),
	('bbee57336ac528f8016ad51918c0092c', '谢敏', '0C7A1877B1F57167F11BDE4E373470A5', '', '1', '20190520195552', '20190520195650', '40288b854a329988014a329a12f30002', '40288b854a329988014a329a12f30002', '1', '15802778966', NULL, NULL),
	('bbee57336ac528f8016ad51918c00930', '朱皓天', 'C9BDB63AD889D0C91FCFFE46A080D36F', '', '1', '20190520195552', '20190520195706', '40288b854a329988014a329a12f30002', '40288b854a329988014a329a12f30002', '1', '15996295981', NULL, NULL),
	('bbee57336ac528f8016ad51918c00933', '张丽银', '860D0610035A32BD6C3D2AA87985471A', '', '1', '20190520195552', '20190520195650', '40288b854a329988014a329a12f30002', '40288b854a329988014a329a12f30002', '1', '15626091629', NULL, NULL),
	('bbee57336ac528f8016ad51918d00937', '谢雨彤', 'ED87F6959DFD91C501F3F6ABD3D8FB4F', '', '1', '20190520195552', '20190520195706', '40288b854a329988014a329a12f30002', '40288b854a329988014a329a12f30002', '1', '18565087615', NULL, NULL),
	('bbee57336ac528f8016ad51918d0093a', '郭建鹏', 'DF7522F8088C3A55107AA61681992D40', '', '1', '20190520195552', '20190520195650', '40288b854a329988014a329a12f30002', '40288b854a329988014a329a12f30002', '1', '15811562831', NULL, NULL),
	('bbee57336ac528f8016ad51918d0093d', '尹雯', 'B2B22FCE157B7226BF23F5DBC53D507B', '', '1', '20190520195552', '20190520195706', '40288b854a329988014a329a12f30002', '40288b854a329988014a329a12f30002', '1', '13851776946', NULL, NULL),
	('bbee57336ac528f8016ad51918d00941', '温文静', '438C261A0A4781AF9C79DF84EA76F87D', '', '1', '20190520195552', '20190520195650', '40288b854a329988014a329a12f30002', '40288b854a329988014a329a12f30002', '1', '13509902044', NULL, NULL),
	('bbee57336ac528f8016ad51918e00944', '张劼钊', 'EBAD62BD156AA046EAFC2FE9E77F2583', '', '1', '20190520195552', '20190520195650', '40288b854a329988014a329a12f30002', '40288b854a329988014a329a12f30002', '1', '18520002412', '20190618132941', 'bbee57336add8ffd016ae2e382750120'),
	('bbee57336ac528f8016ad51918e00948', '刘滢', '7022F4E7A1141811EDB24374D0325C27', '', '1', '20190520195552', '20190520195705', '40288b854a329988014a329a12f30002', '40288b854a329988014a329a12f30002', '1', '13910811520', NULL, NULL),
	('bbee57336ac528f8016ad51918e0094c', '陈碧瑜', '1A31C82FFBF68F696149ABFB4F7686E5', '', '1', '20190520195552', '20190520195650', '40288b854a329988014a329a12f30002', '40288b854a329988014a329a12f30002', '1', '18820106628', NULL, NULL),
	('bbee57336ac528f8016ad51918e0094e', '贺冉冉', '0041BAB012D3D9FA8F7D17AC588AA075', '', '1', '20190520195552', '20190520195706', '40288b854a329988014a329a12f30002', '40288b854a329988014a329a12f30002', '1', '18773129625', NULL, NULL),
	('bbee57336ac528f8016ad51918ef0952', '简丽双', 'D5071494E11EA2F49A8F4C0C8FB361AA', '', '1', '20190520195552', '20190520195650', '40288b854a329988014a329a12f30002', '40288b854a329988014a329a12f30002', '1', '18027422502', NULL, NULL),
	('bbee57336ac528f8016ad51918ef0955', '岳鑫', 'EA6F9D0C06FD6751F4607758CAFDE740', '', '1', '20190520195552', '20190520195706', '40288b854a329988014a329a12f30002', '40288b854a329988014a329a12f30002', '1', '18503845202', '20190528151800', 'bbee57336add8ffd016afd4e45ca01c7'),
	('bbee57336ac528f8016ad51918ef0958', '陈泳帆', 'F3E3035B6395B3829DBF155EAE76C4EE', '', '1', '20190520195552', '20190520195650', '40288b854a329988014a329a12f30002', '40288b854a329988014a329a12f30002', '1', '18670790360', '20190530092446', 'bbee57336add8ffd016b06582a1d0258'),
	('bbee57336ac528f8016ad51918ef095c', '颜宏斌', '5F2DB447B2060248C8BEF1817AE837A5', '', '1', '20190520195552', '20190520195650', '40288b854a329988014a329a12f30002', '40288b854a329988014a329a12f30002', '1', '15851849604', '20190611163429', 'bbee57336add8ffd016afc906e5d0177'),
	('bbee57336ac528f8016ad51918ff095f', '郑爽', '6F874F13F608457D74A6978D129354D7', '', '1', '20190520195552', '20190520195705', '40288b854a329988014a329a12f30002', '40288b854a329988014a329a12f30002', '1', '13006386189', NULL, NULL),
	('bbee57336ac528f8016ad51918ff0962', '刘婷', '62A3D9E407898C79E97B52FC6C76BAFC', '', '1', '20190520195552', '20190520195650', '40288b854a329988014a329a12f30002', '40288b854a329988014a329a12f30002', '1', '18027110701', '20190614184515', 'bbee57336add8ffd016afc8561140164'),
	('bbee57336ac528f8016ad51918ff0965', '张雅冬', '371B898B5A1E8387166BE89A82D5BCA6', '', '1', '20190520195552', '20190520195706', '40288b854a329988014a329a12f30002', '40288b854a329988014a329a12f30002', '1', '15210113407', NULL, NULL),
	('bbee57336ac528f8016ad51918ff0969', '贾梦娇', 'B5CFE1C02517645E6A78EE657186A8C2', '', '1', '20190520195552', '20190520195650', '40288b854a329988014a329a12f30002', '40288b854a329988014a329a12f30002', '1', '13581673749', NULL, NULL),
	('bbee57336ac528f8016ad519190e096d', '连佩', '053113C6D1559FA80E6084A7E6DC904F', '', '1', '20190520195552', '20190520195706', '40288b854a329988014a329a12f30002', '40288b854a329988014a329a12f30002', '1', '18627901529', NULL, NULL),
	('bbee57336ac528f8016ad519190e0970', '左红', '6B264237FF7E69606230733927F74E90', '', '1', '20190520195552', '20190520195650', '40288b854a329988014a329a12f30002', '40288b854a329988014a329a12f30002', '1', '15829036903', NULL, NULL),
	('bbee57336ac528f8016ad519190e0973', '夏倩倩', 'C580AE71FB12FDA12BD6B3471D6EF431', '', '1', '20190520195552', '20190520195706', '40288b854a329988014a329a12f30002', '40288b854a329988014a329a12f30002', '1', '18729227852', NULL, NULL),
	('bbee57336ac528f8016ad519190e0977', '王丽丽', 'E2D13B24C9D5BE887932645E95BE463E', '', '1', '20190520195552', '20190520195650', '40288b854a329988014a329a12f30002', '40288b854a329988014a329a12f30002', '1', '18513672583', NULL, NULL),
	('bbee57336ac528f8016ad519191e097a', '赵倩', '19F13649F1DDBA15285946113479229D', '', '1', '20190520195552', '20190520195650', '40288b854a329988014a329a12f30002', '40288b854a329988014a329a12f30002', '1', '18163680109', '20190528170224', NULL),
	('bbee57336ac528f8016ad519191e097d', '乔萌', '63DE143BBD374E5FE4EE51B3E5BBB396', '', '1', '20190520195552', '20190520195705', '40288b854a329988014a329a12f30002', '40288b854a329988014a329a12f30002', '1', '13699100147', NULL, NULL),
	('bbee57336ac528f8016ad519191e0981', '崔雅棋', 'D744D73B2B4CCAE9BD122AE71D8F0563', '', '1', '20190520195552', '20190520195650', '40288b854a329988014a329a12f30002', '40288b854a329988014a329a12f30002', '1', '18703676497', NULL, NULL),
	('bbee57336ac528f8016ad519191e0985', '冯艳婷', 'A3AFDF094CF72F9D15C21F52E8B3EFB2', '', '1', '20190520195552', '20190520195706', '40288b854a329988014a329a12f30002', '40288b854a329988014a329a12f30002', '1', '15201203096', NULL, NULL),
	('bbee57336ac528f8016ad519192e098a', '刘琳娜', 'F902DBD5CA8D542E5B571FA1E7340495', '', '1', '20190520195553', '20190520195649', '40288b854a329988014a329a12f30002', '40288b854a329988014a329a12f30002', '1', '17326828935', NULL, NULL),
	('bbee57336ac528f8016ad519192e098d', '朱军霞', '5E5B7F675D5CCC3C7C9DEB98FDC8F5CD', '', '1', '20190520195553', '20190520195650', '40288b854a329988014a329a12f30002', '40288b854a329988014a329a12f30002', '1', '15302175939', NULL, NULL),
	('bbee57336ac528f8016ad519192e0991', '鲁玥', 'C3AD29161415E51CADE4E236F0ECA9C1', '', '1', '20190520195553', '20191224125158', '40288b854a329988014a329a12f30002', '40288b854a329988014a329a12f30002', '2', 'bbee57336ac528f8016ad519192e0991', '20191120141937', '402881e66e876d4b016e8770b8520003'),
	('bbee57336ac528f8016ad519192e0995', '王燕红', '2D080F9FEA03CC9A984CEAAA40FCF715', '', '1', '20190520195553', '20190520195649', '40288b854a329988014a329a12f30002', '40288b854a329988014a329a12f30002', '1', '18911559076', NULL, NULL),
	('bbee57336ac528f8016ad519193d0999', '阳思敏', 'FAD99F78DEF26D40C16F91A2ACE726D2', '', '1', '20190520195553', '20190520195650', '40288b854a329988014a329a12f30002', '40288b854a329988014a329a12f30002', '1', '17610739083', NULL, NULL),
	('bbee57336ac528f8016ad519193d099c', '陈言言', '9EB2C6F93B6DB0860B26F49BD6BC6E1E', '', '1', '20190520195553', '20190520195649', '40288b854a329988014a329a12f30002', '40288b854a329988014a329a12f30002', '1', '13552124383', NULL, NULL),
	('bbee57336ac528f8016ad519193d099f', '孙存静', '84050FA8DCA05B5DDD9322CDFBFDD966', '', '1', '20190520195553', '20190520195650', '40288b854a329988014a329a12f30002', '40288b854a329988014a329a12f30002', '1', '13813991951', NULL, NULL),
	('bbee57336ac528f8016ad519193d09a3', '李佳良', 'DDB33D48493A11F445248C45FE650478', '', '1', '20190520195553', '20190520195649', '40288b854a329988014a329a12f30002', '40288b854a329988014a329a12f30002', '1', '18339959499', NULL, NULL),
	('bbee57336ac528f8016ad519194d09a8', '陶丹', '9C08274EB6F963D330A7325144930A8C', '', '1', '20190520195553', '20190520195650', '40288b854a329988014a329a12f30002', '40288b854a329988014a329a12f30002', '1', '17715248635', NULL, NULL),
	('bbee57336ac528f8016ad519194d09ac', '任迪', '156E89B934328128553C4C7D4FE4D096', '', '1', '20190520195553', '20190520195650', '40288b854a329988014a329a12f30002', '40288b854a329988014a329a12f30002', '1', '18310020878', NULL, NULL),
	('bbee57336ac528f8016ad519194d09af', '高荔薇', '47BC8F366A25A5D1714DD21D5F8535FA', '', '1', '20190520195553', '20190520195650', '40288b854a329988014a329a12f30002', '40288b854a329988014a329a12f30002', '1', '15638919991', '20190521195629', NULL),
	('bbee57336ac528f8016ad519194d09b2', '白丽华', '96C262309F3A799975FA071ED530115A', '', '1', '20190520195553', '20190520195650', '40288b854a329988014a329a12f30002', '40288b854a329988014a329a12f30002', '1', '13552337416', NULL, NULL),
	('bbee57336ac528f8016ad519195d09b5', '王佳馨', '1490781433A817F1983BB37D9E869805', '', '1', '20190520195553', '20190520195649', '40288b854a329988014a329a12f30002', '40288b854a329988014a329a12f30002', '1', '15940906826', NULL, NULL),
	('bbee57336ac528f8016ad519195d09b9', '孟潞', '2E3137194B9CE56CB8D3A04608BC543E', '', '1', '20190520195553', '20190520195650', '40288b854a329988014a329a12f30002', '40288b854a329988014a329a12f30002', '1', '13072086386', NULL, NULL),
	('bbee57336ac528f8016ad519195d09be', '吴彤', '8DD1833B68BAB446512E38D204C33C7C', '', '1', '20190520195553', '20190520195649', '40288b854a329988014a329a12f30002', '40288b854a329988014a329a12f30002', '1', '15942684270', NULL, NULL),
	('bbee57336ac528f8016ad519195d09c1', '孟钧', '00A3A9BADA665FF17ED8114D609136A4', '', '1', '20190520195553', '20190520195650', '40288b854a329988014a329a12f30002', '40288b854a329988014a329a12f30002', '1', '13810179342', NULL, NULL),
	('bbee57336ac528f8016ad519196c09c5', '滕秋丽', '029D3E8E7261B0A3A8D85C70BA2C6809', '', '1', '20190520195553', '20190520195649', '40288b854a329988014a329a12f30002', '40288b854a329988014a329a12f30002', '1', '13552943304', '20190602104052', 'bbee57336add8ffd016afc9b056d018d'),
	('bbee57336ac528f8016ad519196c09c8', '汪曼玲', '714F3D29B190378198DD88EC3688DC58', '', '1', '20190520195553', '20190520195650', '40288b854a329988014a329a12f30002', '40288b854a329988014a329a12f30002', '1', '15861819450', NULL, NULL),
	('bbee57336ac528f8016ad519196c09cc', '尹陆', '447124A1AC776B1D58BE99BF02C739EA', '', '1', '20190520195553', '20191121173159', '40288b854a329988014a329a12f30002', '40288b854a329988014a329a12f30002', '1', '15801342519', '20191121175018', '402881e66e8cfb5e016e8d4e40610017'),
	('bbee57336ac528f8016ad519196c09cf', '李禹诺', '68C62205FCC00981420018E9B20D176F', '', '1', '20190520195553', '20190520195649', '40288b854a329988014a329a12f30002', '40288b854a329988014a329a12f30002', '1', '18842620720', NULL, NULL),
	('bbee57336ac528f8016ad519197c09d2', '李丽', '9BF1D6D3B503294F2E30EB761898DE25', '', '1', '20190520195553', '20190520195650', '40288b854a329988014a329a12f30002', '40288b854a329988014a329a12f30002', '1', '15011580161', NULL, NULL),
	('bbee57336ac528f8016ad519197c09d6', '谢曼轲', 'CFFDC4D140A32EA9E5E79F9385D2D8A4', '', '1', '20190520195553', '20190520195649', '40288b854a329988014a329a12f30002', '40288b854a329988014a329a12f30002', '1', '15999933520', NULL, NULL),
	('bbee57336ac528f8016ad519197c09d9', '李特', '9997C43D282EC26608A0F023F109B65F', '', '1', '20190520195553', '20190520195650', '40288b854a329988014a329a12f30002', '40288b854a329988014a329a12f30002', '1', '18810612232', NULL, NULL),
	('bbee57336ac528f8016ad519197c09dc', '耿一平', 'DE1EBE13731863BE9641D8964E5202DB', '', '1', '20190520195553', '20190520195649', '40288b854a329988014a329a12f30002', '40288b854a329988014a329a12f30002', '1', '18130075744', NULL, NULL),
	('bbee57336ac528f8016ad519198b09e0', '李红（昆明）', '1E017C2F763F8C49D4DCB978C82917F4', '', '1', '20190520195553', '20190520195650', '40288b854a329988014a329a12f30002', '40288b854a329988014a329a12f30002', '1', '13700611863', NULL, NULL),
	('bbee57336ac528f8016ad519198b09e3', '马洁冰', '66F0D871CE9A338826956AA2253584B9', '', '1', '20190520195553', '20190520195650', '40288b854a329988014a329a12f30002', '40288b854a329988014a329a12f30002', '1', '13120188379', NULL, NULL),
	('bbee57336ac528f8016ad519198b09e6', '郭星岑', 'B002214E0B62FD08547075EAA6C168A7', '', '1', '20190520195553', '20190520195650', '40288b854a329988014a329a12f30002', '40288b854a329988014a329a12f30002', '1', '13552768474', NULL, NULL),
	('bbee57336ac528f8016ad519198b09ea', '韩有娣', '4BC08AEA0C8192F2AAD375F041DBE47D', '', '1', '20190520195553', '20190520195650', '40288b854a329988014a329a12f30002', '40288b854a329988014a329a12f30002', '1', '17718142071', NULL, NULL),
	('bbee57336ac528f8016ad519199b09ed', '王微微', 'AC9E80049E05A73FEFF04E83E71E9189', '', '1', '20190520195553', '20190520195649', '40288b854a329988014a329a12f30002', '40288b854a329988014a329a12f30002', '1', '13426436221', NULL, NULL),
	('bbee57336ac528f8016ad519199b09f1', '王卿', '91F0BBB959957781975086D651894931', '', '1', '20190520195553', '20190520195650', '40288b854a329988014a329a12f30002', '40288b854a329988014a329a12f30002', '1', '18813162311', NULL, NULL),
	('bbee57336ac528f8016ad519199b09f4', '薛蕾', 'F33AFAB0B64BC262BA9C7FB1E7978718', '', '1', '20190520195553', '20190520195649', '40288b854a329988014a329a12f30002', '40288b854a329988014a329a12f30002', '1', '13811270545', NULL, NULL),
	('bbee57336ac528f8016ad51919ab09f8', '陈紫玮', 'A8360B330B30ED2774CC4DC7F2FD8ED4', '', '1', '20190520195553', '20190520195650', '40288b854a329988014a329a12f30002', '40288b854a329988014a329a12f30002', '1', '18811572654', NULL, NULL),
	('bbee57336ac528f8016ad51919ab09fb', '郑有青', '1DAAD0EE558EE4D3555EDF647175A818', '', '1', '20190520195553', '20190520195650', '40288b854a329988014a329a12f30002', '40288b854a329988014a329a12f30002', '1', '18987672610', '20190612174408', 'bbee57336b4ac717016b4b14bb2900cd'),
	('bbee57336ac528f8016ad51919ab09fe', '方林', 'FF59A56A73ACF23C7FDC2361843D0D59', '', '1', '20190520195553', '20190520195650', '40288b854a329988014a329a12f30002', '40288b854a329988014a329a12f30002', '1', '18655181858', NULL, NULL),
	('bbee57336ac528f8016ad51919ab0a01', '吴霞', 'CA29FF2AD69A7D2D3D7DB4740C480471', '', '1', '20190520195553', '20190520195650', '40288b854a329988014a329a12f30002', '40288b854a329988014a329a12f30002', '1', '18214731411', NULL, NULL),
	('bbee57336ac528f8016ad51919ba0a06', '黄丽媛', '22632984248549CEDB66B913CF892748', '', '1', '20190520195553', '20190520195649', '40288b854a329988014a329a12f30002', '40288b854a329988014a329a12f30002', '1', '15011428729', NULL, NULL),
	('bbee57336ac528f8016ad51919ba0a09', '姜霁钊', '4F7593F4588577E52ED7FCE5B2126F72', '', '1', '20190520195553', '20190520195650', '40288b854a329988014a329a12f30002', '40288b854a329988014a329a12f30002', '1', '15201198011', NULL, NULL),
	('bbee57336ac528f8016ad51919ba0a0c', '石军', '2B68B85EF875DB6F10A2002235E59E9B', '', '1', '20190520195553', '20190520195649', '40288b854a329988014a329a12f30002', '40288b854a329988014a329a12f30002', '1', '18530889993', NULL, NULL),
	('bbee57336ac528f8016ad51919ba0a10', '左娟', '28452C323144CA9AD55AF829AD5FC01E', '', '1', '20190520195553', '20190520195650', '40288b854a329988014a329a12f30002', '40288b854a329988014a329a12f30002', '1', '13770348359', NULL, NULL),
	('bbee57336ac528f8016ad51919ca0a13', '魏薇', '76BB91CAE6E21A3123425E91CEF2CA0E', '', '1', '20190520195553', '20190520195649', '40288b854a329988014a329a12f30002', '40288b854a329988014a329a12f30002', '1', '13911183109', NULL, NULL),
	('bbee57336ac528f8016ad51919ca0a16', '王珺', '0FABBE424C467972CA0C78124A8E5436', '', '1', '20190520195553', '20190520195650', '40288b854a329988014a329a12f30002', '40288b854a329988014a329a12f30002', '1', '15210814875', NULL, NULL),
	('bbee57336ac528f8016ad51919ca0a1a', '房媛', '3B8FDBBF14B6C328405468B44F63DA79', '', '1', '20190520195553', '20190520195650', '40288b854a329988014a329a12f30002', '40288b854a329988014a329a12f30002', '1', '13520776905', NULL, NULL),
	('bbee57336ac528f8016ad51919ca0a1d', '张娟', 'CABCA6619F51D0FF181295E14DAFE95E', '', '1', '20190520195553', '20190520195650', '40288b854a329988014a329a12f30002', '40288b854a329988014a329a12f30002', '1', '13652026856', NULL, NULL),
	('bbee57336ac528f8016ad51919da0a20', '陈昊', 'C48B7DC9D169EB1F8C0E150CD88548A4', '', '1', '20190520195553', '20190520195650', '40288b854a329988014a329a12f30002', '40288b854a329988014a329a12f30002', '1', '13488899898', NULL, NULL),
	('bbee57336ac528f8016ad51919da0a23', '李秀利', '1CC92BD244496AF3933B69DE036590AC', '', '1', '20190520195553', '20190520195649', '40288b854a329988014a329a12f30002', '40288b854a329988014a329a12f30002', '1', '13601335854', NULL, NULL),
	('bbee57336ac528f8016ad51919da0a26', '何芸婷', '6E62A167A7B11A0130D9C49E89F5D51F', '', '1', '20190520195553', '20190520195650', '40288b854a329988014a329a12f30002', '40288b854a329988014a329a12f30002', '1', '18917677614', NULL, NULL),
	('bbee57336ac528f8016ad51919da0a2a', '周娅童', '2ABF64DE0B880A077880C5610D8BB60D', '', '1', '20190520195553', '20190520195649', '40288b854a329988014a329a12f30002', '40288b854a329988014a329a12f30002', '1', '18703611601', NULL, NULL),
	('bbee57336ac528f8016ad51919e90a2d', '梁潇', 'D4F1AEB901012F9B985ECAE89765A429', '', '1', '20190520195553', '20190520195650', '40288b854a329988014a329a12f30002', '40288b854a329988014a329a12f30002', '1', '18611354158', NULL, NULL),
	('bbee57336ac528f8016ad51919e90a30', '刘元媛', 'DB2B374F59E0960722B9879B19A39F69', '', '1', '20190520195553', '20190520195649', '40288b854a329988014a329a12f30002', '40288b854a329988014a329a12f30002', '1', '13910913305', NULL, NULL),
	('bbee57336ac528f8016ad51919e90a34', '张小宇', '7BE4B41F7F2C961BE2B66F1715B9FF75', '', '1', '20190520195553', '20190520195650', '40288b854a329988014a329a12f30002', '40288b854a329988014a329a12f30002', '1', '13810610229', NULL, NULL),
	('bbee57336ac528f8016ad51919e90a38', '黄振涛', '68331B553E16A6C1CFFF3B2212E077DA', '', '1', '20190520195553', '20190520195650', '40288b854a329988014a329a12f30002', '40288b854a329988014a329a12f30002', '1', '15814032694', NULL, NULL),
	('bbee57336ac528f8016ad51919f90a3b', '张宁宁', '405984891452F4FD38A986611E444027', '', '1', '20190520195553', '20190520195649', '40288b854a329988014a329a12f30002', '40288b854a329988014a329a12f30002', '1', '18301609116', '20190612201654', NULL),
	('bbee57336ac528f8016ad51919f90a3e', '杜红燕', '704896AD4BB6B316FC53EB6A28C0A8C4', '', '1', '20190520195553', '20190520195650', '40288b854a329988014a329a12f30002', '40288b854a329988014a329a12f30002', '1', '13621139891', NULL, NULL),
	('bbee57336ac528f8016ad51919f90a41', '杨森', '56199726A19F16F34903951D17A2C30A', '', '1', '20190520195553', '20190520195649', '40288b854a329988014a329a12f30002', '40288b854a329988014a329a12f30002', '1', '18801227658', NULL, NULL),
	('bbee57336ac528f8016ad51919f90a45', '宫宇', '6B0D908413F4BCD83A6B044DA1C2BF8B', '', '1', '20190520195553', '20190520195650', '40288b854a329988014a329a12f30002', '40288b854a329988014a329a12f30002', '1', '18519850714', NULL, NULL),
	('bbee57336ac528f8016ad51919f90a48', '宋菲', 'E41140A22E06BFCF70BB0415437880F7', '', '1', '20190520195553', '20190520195649', '40288b854a329988014a329a12f30002', '40288b854a329988014a329a12f30002', '1', '13718708647', NULL, NULL),
	('bbee57336ac528f8016ad5191a080a4b', '华婷', 'BAF12A703B95B0D1F8DDF817CB6AD443', '', '1', '20190520195553', '20190520195650', '40288b854a329988014a329a12f30002', '40288b854a329988014a329a12f30002', '1', '18751864878', NULL, NULL),
	('bbee57336ac528f8016ad5191a080a4f', '徐艳', '537C23E7438638D1ACF1955682BA910F', '', '1', '20190520195553', '20190520195650', '40288b854a329988014a329a12f30002', '40288b854a329988014a329a12f30002', '1', '15195991094', NULL, NULL),
	('bbee57336ac528f8016ad5191a080a54', '沈彤', '8DB5042947AAB6D7487DFEB8D9C2D4A7', '', '1', '20190520195553', '20190520195650', '40288b854a329988014a329a12f30002', '40288b854a329988014a329a12f30002', '1', '13952053151', NULL, NULL),
	('bbee57336ac528f8016ad5191a080a57', '赵蓓蓓', '7487D657FB342873F79E0F81C266F7D8', '', '1', '20190520195553', '20190520195650', '40288b854a329988014a329a12f30002', '40288b854a329988014a329a12f30002', '1', '13261772319', NULL, NULL),
	('bbee57336ac528f8016ad5191a080a5b', '郭玥', 'DABA9B2C2E71FFC4F655A62D708C1D80', '', '1', '20190520195553', '20190520195649', '40288b854a329988014a329a12f30002', '40288b854a329988014a329a12f30002', '1', '15511736628', NULL, NULL),
	('bbee57336ac528f8016ad5191a180a5e', '袁琴', '2873F3567D6A0B41F213EE4CD5D0A349', '', '1', '20190520195553', '20190520195650', '40288b854a329988014a329a12f30002', '40288b854a329988014a329a12f30002', '1', '13886098106', NULL, NULL),
	('bbee57336ac528f8016ad5191a180a62', '刘澜清', 'A327F9CB1D05F1CA420883D601AA3152', '', '1', '20190520195553', '20190520195649', '40288b854a329988014a329a12f30002', '40288b854a329988014a329a12f30002', '1', '15904241590', NULL, NULL),
	('bbee57336ac528f8016ad5191a180a65', '张晓红', '05E3FF155AFABE76D00B966EDD029E3D', '', '1', '20190520195553', '20190520195650', '40288b854a329988014a329a12f30002', '40288b854a329988014a329a12f30002', '1', '18210186071', '20190617103234', 'bbee57336add8ffd016b45c3f5e2050f'),
	('bbee57336ac528f8016ad5191a180a68', '刘琳', 'D3073F08C911417EA4AF36E333F5FD2A', '', '1', '20190520195553', '20190520195650', '40288b854a329988014a329a12f30002', '40288b854a329988014a329a12f30002', '1', '13683591364', NULL, NULL),
	('bbee57336ac528f8016ad5191a280a6c', '丁海如', 'DB88449DFCA064A40BC89DA695C4DD48', '', '1', '20190520195553', '20190520195650', '40288b854a329988014a329a12f30002', '40288b854a329988014a329a12f30002', '1', '15058179514', NULL, NULL),
	('bbee57336ac528f8016ad5191a280a6f', '宣宏超', '8823F009FD8E0919FF17FCFBA14A7535', '', '1', '20190520195553', '20190520195650', '40288b854a329988014a329a12f30002', '40288b854a329988014a329a12f30002', '1', '18518676086', NULL, NULL),
	('bbee57336ac528f8016ad5191a280a73', '石付英', '21558D8292DE835EE18BE2FF3123DD70', '', '1', '20190520195553', '20191121114256', '40288b854a329988014a329a12f30002', '40288b854a329988014a329a12f30002', '1', '15010958642', '20191121114304', '402881e66e8c0833016e8c0e7384000e'),
	('bbee57336ac528f8016ad5191a280a77', '柳小伟', 'DA2BE89EFFAB0E65D29925380A678A3A', '', '1', '20190520195553', '20190520195650', '40288b854a329988014a329a12f30002', '40288b854a329988014a329a12f30002', '1', '13671338384', NULL, NULL),
	('bbee57336ac528f8016ad5191a370a7b', 'Isaac', 'BBF39AE168CAEF139C2E4F830E4B22AA', '', '1', '20190520195553', '20190520195649', '40288b854a329988014a329a12f30002', '40288b854a329988014a329a12f30002', '1', '13910386891', '20190527114334', 'bbee57336add8ffd016af762186f014e'),
	('bbee57336ac528f8016ad5191a370a7f', '乔美华', 'BAB318D20F653A912134F51CCA84B886', '', '1', '20190520195553', '20190520195650', '40288b854a329988014a329a12f30002', '40288b854a329988014a329a12f30002', '1', '13522458660', '20190612162424', 'bbee57336b4ac717016b4acb215c0016'),
	('bbee57336ac528f8016ad5191a370a82', '郭立伟', '3269AA6304CA35D77037F6B704A1289F', '', '1', '20190520195553', '20190520195649', '40288b854a329988014a329a12f30002', '40288b854a329988014a329a12f30002', '1', '18911958989', NULL, NULL),
	('bbee57336ac528f8016ad5191a370a86', '李欢欢', '9926D570123960420E2A8E39979FEF23', '', '1', '20190520195553', '20190520195650', '40288b854a329988014a329a12f30002', '40288b854a329988014a329a12f30002', '1', '15172393806', NULL, NULL),
	('bbee57336ac528f8016ad5191a370a8a', '田羽', 'B7B397EB3A4438D180ED5960418CC4D6', '', '1', '20190520195553', '20190520195650', '40288b854a329988014a329a12f30002', '40288b854a329988014a329a12f30002', '1', '15939182991', NULL, NULL),
	('bbee57336ac528f8016ad5191a470a8e', '栾星慧', '3AF5BA84EC52A2A5C562FD354BE9F307', '', '1', '20190520195553', '20190520195650', '40288b854a329988014a329a12f30002', '40288b854a329988014a329a12f30002', '1', '13520572887', NULL, NULL),
	('bbee57336ac528f8016ad5191a470a94', '马驰骋', '01BC2F2A110D747A7AEF02864CBBC7F6', '', '1', '20190520195553', '20190520195650', '40288b854a329988014a329a12f30002', '40288b854a329988014a329a12f30002', '1', '18691845409', NULL, NULL),
	('bbee57336ac528f8016ad5191a470a98', '刘杰', '0CE412BBC5B9AA6013DC90DF55E417AF', '', '1', '20190520195553', '20190520195649', '40288b854a329988014a329a12f30002', '40288b854a329988014a329a12f30002', '1', '18630907424', NULL, NULL),
	('bbee57336ac528f8016ad5191a570a9d', '邹雨轩(Amy)', '303744844164AAC6A9243AF2C035B8F7', '', '1', '20190520195553', '20190520195650', '40288b854a329988014a329a12f30002', '40288b854a329988014a329a12f30002', '1', '18162593620', NULL, NULL),
	('bbee57336ac528f8016ad5191a570aa1', '李道大夫', 'CD928711701234405A3B6EC482659657', '', '1', '20190520195553', '20191118230728', '40288b854a329988014a329a12f30002', '40288b854a329988014a329a12f30002', '1', '13696837132', NULL, NULL),
	('bbee57336ac528f8016ad5191a570aa4', '刘震宙', '281956F8FAD27A89E9C285B2D8B92772', '', '1', '20190520195553', '20190520195650', '40288b854a329988014a329a12f30002', '40288b854a329988014a329a12f30002', '1', '18825173138', NULL, NULL),
	('bbee57336ac528f8016ad5191a570aa7', '王好帝', '7EF8EBB5D3948C1D5AF7CB80369684C5', '', '1', '20190520195553', '20190520195650', '40288b854a329988014a329a12f30002', '40288b854a329988014a329a12f30002', '1', '17771897184', NULL, NULL),
	('bbee57336ac528f8016ad5191a570aab', '温秋萍', '2256CE07B7A02E031EA7EBD842690878', '', '1', '20190520195553', '20190520195650', '40288b854a329988014a329a12f30002', '40288b854a329988014a329a12f30002', '1', '13434356443', NULL, NULL),
	('bbee57336ac528f8016ad5191a660ab0', '许迦殷', '3C5592705E2B9D3B032F8FD006F0ABF9', '', '1', '20190520195553', '20190520195650', '40288b854a329988014a329a12f30002', '40288b854a329988014a329a12f30002', '1', '18620979209', NULL, NULL),
	('bbee57336ac528f8016ad5191a660ab3', '高幸子', '857E83C9EE1BA7919ECC286002E31C60', '', '1', '20190520195553', '20190520195649', '40288b854a329988014a329a12f30002', '40288b854a329988014a329a12f30002', '1', '15527395003', NULL, NULL),
	('bbee57336ac528f8016ad5191a660ab6', '樊志宁', '2A847E8839217AFFF53141790A98C0AA', '', '1', '20190520195553', '20190520195650', '40288b854a329988014a329a12f30002', '40288b854a329988014a329a12f30002', '1', '18210881970', NULL, NULL),
	('bbee57336ac528f8016ad5191a660aba', '周一娜', '264DF2CBA6DE1B299CCB81C370B5FF06', '', '1', '20190520195553', '20190520195649', '40288b854a329988014a329a12f30002', '40288b854a329988014a329a12f30002', '1', '18017400897', '20190524140545', NULL),
	('bbee57336ac528f8016ad5191a760abd', '杨梦蝶', '3A1CF1686C03FA8C44E4385BE1B7CC55', '', '1', '20190520195553', '20190520195650', '40288b854a329988014a329a12f30002', '40288b854a329988014a329a12f30002', '1', '18601708161', NULL, NULL),
	('bbee57336ac528f8016ad5191a760ac2', '曹展', '97DF6230F8B3E748FAB72A43F77163CD', '', '1', '20190520195553', '20190520195649', '40288b854a329988014a329a12f30002', '40288b854a329988014a329a12f30002', '1', '13621681528', NULL, NULL),
	('bbee57336ac528f8016ad5191a760ac6', '梅莉萍', '8E839A9FC4189AD6B0CB943E98F9D5C3', '', '1', '20190520195553', '20190520195650', '40288b854a329988014a329a12f30002', '40288b854a329988014a329a12f30002', '1', '15295504623', '20190531101302', NULL),
	('bbee57336ac528f8016ad5191a760ac9', '刘蕾', '09BCA580D95C271DB4B46D6BBB289D16', '', '1', '20190520195553', '20190520195650', '40288b854a329988014a329a12f30002', '40288b854a329988014a329a12f30002', '1', '13545226068', NULL, NULL),
	('bbee57336ac528f8016ad5191a850acc', '洪灿梅', '09AB78918E51CFB42500DEF2B6319B89', '', '1', '20190520195553', '20190520195650', '40288b854a329988014a329a12f30002', '40288b854a329988014a329a12f30002', '1', '13750062614', NULL, NULL),
	('bbee57336ac528f8016ad5191a850ad0', '姚奇', '9F85C5901E15020AC4EA884B7DDC64D0', '', '1', '20190520195553', '20190520195650', '40288b854a329988014a329a12f30002', '40288b854a329988014a329a12f30002', '1', '13524149410', NULL, NULL),
	('bbee57336ac528f8016ad896f2ec0d35', '1234', 'BC9B5718AFDFFE85FB13555347969FF5', NULL, '3', '20190521121212', '20190521122930', 'abcd', 'bbee57336ac528f8016ad519162006fe', '2', 'bbee57336ac528f8016ad896f2ec0d35', '20190521121212', 'bbee57336ac528f8016ad896e3e90d34'),
	('402881e66e83238a016e834a024a0012', 'guest', 'B9BCAE8EE035EC01F8D6A1B12926F153', '', '1', '20191119185135', '20191205175903', '40288b854a329988014a329a12f30002', '40288b854a329988014a329a12f30002', '1', 'guest', '20200715212802', '402881e66e8c0833016e8c0c99d20009'),
	('402880e86eb68b8c016eba16f9280001', 'test', 'CF53A20F14AC6D5E124924E2F203278F', '', '1', '20191130101458', '20191130101502', '40288b854a329988014a329a12f30002', '40288b854a329988014a329a12f30002', '1', 'test', '20191130103722', '402880e86eb68b8c016eba17cab80005'),
	('2c948a8270ed2e1f0170ed2fcfb40003', '成何体统', 'C9CEFA83A88FB5BEBBD39CA4409F2030', '', '1', '20200318182818', '20200318182818', '40288b854a329988014a329a12f30002', '40288b854a329988014a329a12f30002', '1', 'chtt', '20200318182910', NULL),
	('402881ec70f22bee0170f22dec930001', 'guest1', 'E7AC59C93408B7B85C447C2E71A86BFA', '', '1', '20200319174420', '20200715213146', '40288b854a329988014a329a12f30002', '40288b854a329988014a329a12f30002', '1', 'guest1', '20200715213158', NULL),
	('402880e8719622d301719647fa4f0005', 'demo2', '8F4F02832C079B907B2A6A7BA59B347D', NULL, '1', '20200420143031', '20200420143032', '40288b854a329988014a329a12f30002', '40288b854a329988014a329a12f30002', '2', '402880e8719622d301719647fa4f0005', NULL, NULL),
	('402880e8719728f80171972d64f90000', 'text', '1880C12A94B9F1CB18C934918B64CFE1', NULL, '1', '20200420184106', '20200420184106', 'system', 'system', '1', 'text', NULL, NULL),
	('402880e8719728f80171973aa3fb0003', 'demo', 'B838A4B077329C1A2A3D509845D2054E', NULL, '1', '20200420185534', '20200420185534', 'system', 'system', '1', 'demo', NULL, NULL),
	('402880e8719728f80171973f0a5a0005', 'text', 'D8F0B105049254B202B5A802DDDB65CC', NULL, '1', '20200420190023', '20200420190023', 'system', 'system', '1', 'text1', '20200420190343', '402880e8719728f80171973f42630009'),
	('402880e971ba253e0171ba3c3b730001', 'zsf', 'E9B54A12ABA478849E73C158F70F5104', '', '1', '20200427140401', '20200427140401', '40288b854a329988014a329a12f30002', '40288b854a329988014a329a12f30002', '1', 'zsf', '20200427140414', NULL),
	('402880e971ba253e0171ba4652590006', 'zss', '407E38B4A0DB1429F6ECF70B15407B87', NULL, '1', '20200427141502', '20200427141502', 'zss', 'zss', '1', 'zss', '20200427141517', '402880e971ba253e0171ba4621c50005');
/*!40000 ALTER TABLE `alone_auth_user` ENABLE KEYS */;

-- 导出  表 wlp.alone_auth_userorg 结构
CREATE TABLE IF NOT EXISTS `alone_auth_userorg` (
  `ID` varchar(32) NOT NULL,
  `USERID` varchar(32) NOT NULL,
  `ORGANIZATIONID` varchar(32) NOT NULL,
  PRIMARY KEY (`ID`),
  KEY `DOC_USERID` (`USERID`)
) ENGINE=InnoDB DEFAULT CHARSET=utf8 COMMENT='InnoDB free: 12288 kB; (`organizationid`) REFER `alone/alone';

-- 正在导出表  wlp.alone_auth_userorg 的数据：~388 rows (大约)
/*!40000 ALTER TABLE `alone_auth_userorg` DISABLE KEYS */;
INSERT INTO `alone_auth_userorg` (`ID`, `USERID`, `ORGANIZATIONID`) VALUES
	('2c948a8270ed2e1f0170ed2fcfb40004', '2c948a8270ed2e1f0170ed2fcfb40003', '2c948a8270ed2e1f0170ed2f5c610001'),
	('2c948a8270ed2e1f0170ed43b14f000f', '40288b854a329988014a329a12f30002', '2c948a8270ed2e1f0170ed4340a5000d'),
	('402880e971ba253e0171ba4652590007', '402880e971ba253e0171ba4652590006', '2c948a8270ed2e1f0170ed4340a5000d'),
	('402881e66e7eebc6016e7f0de8060006', 'bbee57336ac528f8016ad5191a570aa1', 'bbee57336ac528f8016ad5101d1205f3'),
	('402881e66ed547fc016ed57fa9a70041', '402881e66e83238a016e834a024a0012', 'bbee57336ac528f8016ad5101d1205f3'),
	('bbee57336ac528f8016ad4baf7c40464', 'bbee57336ac528f8016ad4baf7c40463', 'bbee57336ac528f8016ad4b4bea0045a'),
	('bbee57336ac528f8016ad4baf7d40477', 'bbee57336ac528f8016ad4baf7d40476', 'bbee57336ac528f8016ad4b4bea0045a'),
	('bbee57336ac528f8016ad4baf7f3047f', 'bbee57336ac528f8016ad4baf7f3047e', 'bbee57336ac528f8016ad4b4bea0045a'),
	('bbee57336ac528f8016ad4baf7f30487', 'bbee57336ac528f8016ad4baf7f30486', 'bbee57336ac528f8016ad4b4bea0045a'),
	('bbee57336ac528f8016ad4baf8030493', 'bbee57336ac528f8016ad4baf8030492', 'bbee57336ac528f8016ad4b4bea0045a'),
	('bbee57336ac528f8016ad4baf812049b', 'bbee57336ac528f8016ad4baf812049a', 'bbee57336ac528f8016ad4b4bea0045a'),
	('bbee57336ac528f8016ad4baf82204a2', 'bbee57336ac528f8016ad4baf82204a1', 'bbee57336ac528f8016ad4b4bea0045a'),
	('bbee57336ac528f8016ad4baf83204b3', 'bbee57336ac528f8016ad4baf83204b2', 'bbee57336ac528f8016ad4b4bea0045a'),
	('bbee57336ac528f8016ad4baf84104ba', 'bbee57336ac528f8016ad4baf83204b9', 'bbee57336ac528f8016ad4b4bea0045a'),
	('bbee57336ac528f8016ad4baf84104c2', 'bbee57336ac528f8016ad4baf84104c1', 'bbee57336ac528f8016ad4b4bea0045a'),
	('bbee57336ac528f8016ad4baf85104cd', 'bbee57336ac528f8016ad4baf85104cc', 'bbee57336ac528f8016ad4b4bea0045a'),
	('bbee57336ac528f8016ad5109e2805f5', 'bbee57336ac528f8016ad4bfb98a051f', 'bbee57336ac528f8016ad5101d1205f3'),
	('bbee57336ac528f8016ad5109e3805f7', 'bbee57336ac528f8016ad4baf7c40469', 'bbee57336ac528f8016ad5101d1205f3'),
	('bbee57336ac528f8016ad5109e3805f9', 'bbee57336ac528f8016ad4baf82204a8', 'bbee57336ac528f8016ad5101d1205f3'),
	('bbee57336ac528f8016ad5109e3805fb', 'bbee57336ac528f8016ad4baf85104c8', 'bbee57336ac528f8016ad5101d1205f3'),
	('bbee57336ac528f8016ad5109e3805fd', 'bbee57336ac528f8016ad4baf803048f', 'bbee57336ac528f8016ad5101d1205f3'),
	('bbee57336ac528f8016ad5109e4805ff', 'bbee57336ac528f8016ad4baf7d40471', 'bbee57336ac528f8016ad5101d1205f3'),
	('bbee57336ac528f8016ad5109e480601', 'bbee57336ac528f8016ad4baf83204af', 'bbee57336ac528f8016ad5101d1205f3'),
	('bbee57336ac528f8016ad5109e480603', 'bbee57336ac528f8016ad4baf85104cf', 'bbee57336ac528f8016ad5101d1205f3'),
	('bbee57336ac528f8016ad5109e570605', 'bbee57336ac528f8016ad4baf8120497', 'bbee57336ac528f8016ad5101d1205f3'),
	('bbee57336ac528f8016ad5109e570607', 'bbee57336ac528f8016ad4baf7e3047b', 'bbee57336ac528f8016ad5101d1205f3'),
	('bbee57336ac528f8016ad5109e570609', 'bbee57336ac528f8016ad4baf83204b6', 'bbee57336ac528f8016ad5101d1205f3'),
	('bbee57336ac528f8016ad5109e67060b', 'bbee57336ac528f8016ad4baf822049f', 'bbee57336ac528f8016ad5101d1205f3'),
	('bbee57336ac528f8016ad5109e67060d', 'bbee57336ac528f8016ad4baf84104bd', 'bbee57336ac528f8016ad5101d1205f3'),
	('bbee57336ac528f8016ad5109e67060f', 'bbee57336ac528f8016ad4baf7f30482', 'bbee57336ac528f8016ad5101d1205f3'),
	('bbee57336ac528f8016ad5109e770611', 'bbee57336ac528f8016ad4baf7c40467', 'bbee57336ac528f8016ad5101d1205f3'),
	('bbee57336ac528f8016ad5109e770613', 'bbee57336ac528f8016ad4baf82204a5', 'bbee57336ac528f8016ad5101d1205f3'),
	('bbee57336ac528f8016ad5109e770615', 'bbee57336ac528f8016ad4baf84104c5', 'bbee57336ac528f8016ad5101d1205f3'),
	('bbee57336ac528f8016ad5109e860617', 'bbee57336ac528f8016ad4baf803048a', 'bbee57336ac528f8016ad5101d1205f3'),
	('bbee57336ac528f8016ad5109e860618', 'bbee57336ac528f8016ad4baf7d4046d', 'bbee57336ac528f8016ad5101d1205f3'),
	('bbee57336ac528f8016ad5109e86061b', 'bbee57336ac528f8016ad4baf82204ab', 'bbee57336ac528f8016ad5101d1205f3'),
	('bbee57336ac528f8016ad51915e206ca', 'bbee57336ac528f8016ad51915e206c9', 'bbee57336ac528f8016ad5101d1205f3'),
	('bbee57336ac528f8016ad51915e206cd', 'bbee57336ac528f8016ad51915e206cc', 'bbee57336ac528f8016ad5101d1205f3'),
	('bbee57336ac528f8016ad51915f206d0', 'bbee57336ac528f8016ad51915f206cf', 'bbee57336ac528f8016ad5101d1205f3'),
	('bbee57336ac528f8016ad51915f206d3', 'bbee57336ac528f8016ad51915f206d2', 'bbee57336ac528f8016ad5101d1205f3'),
	('bbee57336ac528f8016ad51915f206d7', 'bbee57336ac528f8016ad51915f206d6', 'bbee57336ac528f8016ad5101d1205f3'),
	('bbee57336ac528f8016ad51915f206da', 'bbee57336ac528f8016ad51915f206d9', 'bbee57336ac528f8016ad5101d1205f3'),
	('bbee57336ac528f8016ad51915f206dd', 'bbee57336ac528f8016ad51915f206dc', 'bbee57336ac528f8016ad5101d1205f3'),
	('bbee57336ac528f8016ad519160106e1', 'bbee57336ac528f8016ad519160106e0', 'bbee57336ac528f8016ad5101d1205f3'),
	('bbee57336ac528f8016ad519160106e4', 'bbee57336ac528f8016ad519160106e3', 'bbee57336ac528f8016ad5101d1205f3'),
	('bbee57336ac528f8016ad519160106e7', 'bbee57336ac528f8016ad519160106e6', 'bbee57336ac528f8016ad5101d1205f3'),
	('bbee57336ac528f8016ad519160106ea', 'bbee57336ac528f8016ad519160106e9', 'bbee57336ac528f8016ad5101d1205f3'),
	('bbee57336ac528f8016ad519160106ee', 'bbee57336ac528f8016ad519160106ed', 'bbee57336ac528f8016ad5101d1205f3'),
	('bbee57336ac528f8016ad519161106f1', 'bbee57336ac528f8016ad519161106f0', 'bbee57336ac528f8016ad5101d1205f3'),
	('bbee57336ac528f8016ad519161106f5', 'bbee57336ac528f8016ad519161106f4', 'bbee57336ac528f8016ad5101d1205f3'),
	('bbee57336ac528f8016ad519161106f8', 'bbee57336ac528f8016ad519161106f7', 'bbee57336ac528f8016ad5101d1205f3'),
	('bbee57336ac528f8016ad519161106fc', 'bbee57336ac528f8016ad519161106fb', 'bbee57336ac528f8016ad5101d1205f3'),
	('bbee57336ac528f8016ad519162006ff', 'bbee57336ac528f8016ad519162006fe', 'bbee57336ac528f8016ad5101d1205f3'),
	('bbee57336ac528f8016ad51916200702', 'bbee57336ac528f8016ad51916200701', 'bbee57336ac528f8016ad5101d1205f3'),
	('bbee57336ac528f8016ad51916200706', 'bbee57336ac528f8016ad51916200705', 'bbee57336ac528f8016ad5101d1205f3'),
	('bbee57336ac528f8016ad51916200709', 'bbee57336ac528f8016ad51916200708', 'bbee57336ac528f8016ad5101d1205f3'),
	('bbee57336ac528f8016ad5191630070c', 'bbee57336ac528f8016ad5191630070b', 'bbee57336ac528f8016ad5101d1205f3'),
	('bbee57336ac528f8016ad5191630070f', 'bbee57336ac528f8016ad5191630070e', 'bbee57336ac528f8016ad5101d1205f3'),
	('bbee57336ac528f8016ad51916300713', 'bbee57336ac528f8016ad51916300712', 'bbee57336ac528f8016ad5101d1205f3'),
	('bbee57336ac528f8016ad51916300718', 'bbee57336ac528f8016ad51916300716', 'bbee57336ac528f8016ad5101d1205f3'),
	('bbee57336ac528f8016ad5191640071a', 'bbee57336ac528f8016ad51916400719', 'bbee57336ac528f8016ad5101d1205f3'),
	('bbee57336ac528f8016ad5191640071e', 'bbee57336ac528f8016ad5191640071d', 'bbee57336ac528f8016ad5101d1205f3'),
	('bbee57336ac528f8016ad51916400721', 'bbee57336ac528f8016ad51916400720', 'bbee57336ac528f8016ad5101d1205f3'),
	('bbee57336ac528f8016ad519164f0724', 'bbee57336ac528f8016ad519164f0723', 'bbee57336ac528f8016ad5101d1205f3'),
	('bbee57336ac528f8016ad519164f0728', 'bbee57336ac528f8016ad519164f0727', 'bbee57336ac528f8016ad5101d1205f3'),
	('bbee57336ac528f8016ad519164f072b', 'bbee57336ac528f8016ad519164f072a', 'bbee57336ac528f8016ad5101d1205f3'),
	('bbee57336ac528f8016ad519165f072f', 'bbee57336ac528f8016ad519165f072e', 'bbee57336ac528f8016ad5101d1205f3'),
	('bbee57336ac528f8016ad519165f0732', 'bbee57336ac528f8016ad519165f0731', 'bbee57336ac528f8016ad5101d1205f3'),
	('bbee57336ac528f8016ad519165f0735', 'bbee57336ac528f8016ad519165f0734', 'bbee57336ac528f8016ad5101d1205f3'),
	('bbee57336ac528f8016ad519166f0739', 'bbee57336ac528f8016ad519166f0738', 'bbee57336ac528f8016ad5101d1205f3'),
	('bbee57336ac528f8016ad519166f073d', 'bbee57336ac528f8016ad519166f073c', 'bbee57336ac528f8016ad5101d1205f3'),
	('bbee57336ac528f8016ad519166f0743', 'bbee57336ac528f8016ad519166f0741', 'bbee57336ac528f8016ad5101d1205f3'),
	('bbee57336ac528f8016ad519167e0747', 'bbee57336ac528f8016ad519167e0746', 'bbee57336ac528f8016ad5101d1205f3'),
	('bbee57336ac528f8016ad519167e074b', 'bbee57336ac528f8016ad519167e074a', 'bbee57336ac528f8016ad5101d1205f3'),
	('bbee57336ac528f8016ad519167e074f', 'bbee57336ac528f8016ad519167e074e', 'bbee57336ac528f8016ad5101d1205f3'),
	('bbee57336ac528f8016ad519168e0753', 'bbee57336ac528f8016ad519168e0752', 'bbee57336ac528f8016ad5101d1205f3'),
	('bbee57336ac528f8016ad519168e0756', 'bbee57336ac528f8016ad519168e0755', 'bbee57336ac528f8016ad5101d1205f3'),
	('bbee57336ac528f8016ad519168e0759', 'bbee57336ac528f8016ad519168e0758', 'bbee57336ac528f8016ad5101d1205f3'),
	('bbee57336ac528f8016ad519169d075e', 'bbee57336ac528f8016ad519169d075d', 'bbee57336ac528f8016ad5101d1205f3'),
	('bbee57336ac528f8016ad519169d0763', 'bbee57336ac528f8016ad519169d0762', 'bbee57336ac528f8016ad5101d1205f3'),
	('bbee57336ac528f8016ad519169d0766', 'bbee57336ac528f8016ad519169d0765', 'bbee57336ac528f8016ad5101d1205f3'),
	('bbee57336ac528f8016ad51916ad076a', 'bbee57336ac528f8016ad51916ad0769', 'bbee57336ac528f8016ad5101d1205f3'),
	('bbee57336ac528f8016ad51916ad076e', 'bbee57336ac528f8016ad51916ad076d', 'bbee57336ac528f8016ad5101d1205f3'),
	('bbee57336ac528f8016ad51916ad0772', 'bbee57336ac528f8016ad51916ad0770', 'bbee57336ac528f8016ad5101d1205f3'),
	('bbee57336ac528f8016ad51916bd0775', 'bbee57336ac528f8016ad51916bd0774', 'bbee57336ac528f8016ad5101d1205f3'),
	('bbee57336ac528f8016ad51916bd077a', 'bbee57336ac528f8016ad51916bd0779', 'bbee57336ac528f8016ad5101d1205f3'),
	('bbee57336ac528f8016ad51916cc0780', 'bbee57336ac528f8016ad51916cc077f', 'bbee57336ac528f8016ad5101d1205f3'),
	('bbee57336ac528f8016ad51916cc0785', 'bbee57336ac528f8016ad51916cc0784', 'bbee57336ac528f8016ad5101d1205f3'),
	('bbee57336ac528f8016ad51916cc0789', 'bbee57336ac528f8016ad51916cc0788', 'bbee57336ac528f8016ad5101d1205f3'),
	('bbee57336ac528f8016ad51916dc078e', 'bbee57336ac528f8016ad51916dc078d', 'bbee57336ac528f8016ad5101d1205f3'),
	('bbee57336ac528f8016ad51916dc0791', 'bbee57336ac528f8016ad51916dc0790', 'bbee57336ac528f8016ad5101d1205f3'),
	('bbee57336ac528f8016ad51916dc0795', 'bbee57336ac528f8016ad51916dc0794', 'bbee57336ac528f8016ad5101d1205f3'),
	('bbee57336ac528f8016ad51916ec0799', 'bbee57336ac528f8016ad51916ec0798', 'bbee57336ac528f8016ad5101d1205f3'),
	('bbee57336ac528f8016ad51916ec079d', 'bbee57336ac528f8016ad51916ec079c', 'bbee57336ac528f8016ad5101d1205f3'),
	('bbee57336ac528f8016ad51916ec07a0', 'bbee57336ac528f8016ad51916ec079f', 'bbee57336ac528f8016ad5101d1205f3'),
	('bbee57336ac528f8016ad51916fb07a2', 'bbee57336ac528f8016ad51916fb07a1', 'bbee57336ac528f8016ad5101d1205f3'),
	('bbee57336ac528f8016ad51916fb07a8', 'bbee57336ac528f8016ad51916fb07a7', 'bbee57336ac528f8016ad5101d1205f3'),
	('bbee57336ac528f8016ad519170b07ac', 'bbee57336ac528f8016ad519170b07ab', 'bbee57336ac528f8016ad5101d1205f3'),
	('bbee57336ac528f8016ad519170b07af', 'bbee57336ac528f8016ad519170b07ae', 'bbee57336ac528f8016ad5101d1205f3'),
	('bbee57336ac528f8016ad519171a07b2', 'bbee57336ac528f8016ad519171a07b1', 'bbee57336ac528f8016ad5101d1205f3'),
	('bbee57336ac528f8016ad519171a07b5', 'bbee57336ac528f8016ad519171a07b4', 'bbee57336ac528f8016ad5101d1205f3'),
	('bbee57336ac528f8016ad519171a07b8', 'bbee57336ac528f8016ad519171a07b7', 'bbee57336ac528f8016ad5101d1205f3'),
	('bbee57336ac528f8016ad519172a07bc', 'bbee57336ac528f8016ad519172a07bb', 'bbee57336ac528f8016ad5101d1205f3'),
	('bbee57336ac528f8016ad519172a07c0', 'bbee57336ac528f8016ad519172a07bf', 'bbee57336ac528f8016ad5101d1205f3'),
	('bbee57336ac528f8016ad519174907c2', 'bbee57336ac528f8016ad519174907c1', 'bbee57336ac528f8016ad5101d1205f3'),
	('bbee57336ac528f8016ad519174907c5', 'bbee57336ac528f8016ad519174907c4', 'bbee57336ac528f8016ad5101d1205f3'),
	('bbee57336ac528f8016ad519174907ca', 'bbee57336ac528f8016ad519174907c9', 'bbee57336ac528f8016ad5101d1205f3'),
	('bbee57336ac528f8016ad519175907cf', 'bbee57336ac528f8016ad519175907cd', 'bbee57336ac528f8016ad5101d1205f3'),
	('bbee57336ac528f8016ad519175907d3', 'bbee57336ac528f8016ad519175907d2', 'bbee57336ac528f8016ad5101d1205f3'),
	('bbee57336ac528f8016ad519175907d8', 'bbee57336ac528f8016ad519175907d7', 'bbee57336ac528f8016ad5101d1205f3'),
	('bbee57336ac528f8016ad519175907dd', 'bbee57336ac528f8016ad519175907dc', 'bbee57336ac528f8016ad5101d1205f3'),
	('bbee57336ac528f8016ad519176907e2', 'bbee57336ac528f8016ad519176907e1', 'bbee57336ac528f8016ad5101d1205f3'),
	('bbee57336ac528f8016ad519176907e7', 'bbee57336ac528f8016ad519176907e5', 'bbee57336ac528f8016ad5101d1205f3'),
	('bbee57336ac528f8016ad519176907eb', 'bbee57336ac528f8016ad519176907ea', 'bbee57336ac528f8016ad5101d1205f3'),
	('bbee57336ac528f8016ad519176907f0', 'bbee57336ac528f8016ad519176907ef', 'bbee57336ac528f8016ad5101d1205f3'),
	('bbee57336ac528f8016ad519176907f4', 'bbee57336ac528f8016ad519176907f3', 'bbee57336ac528f8016ad5101d1205f3'),
	('bbee57336ac528f8016ad519176907f9', 'bbee57336ac528f8016ad519176907f8', 'bbee57336ac528f8016ad5101d1205f3'),
	('bbee57336ac528f8016ad519177807fe', 'bbee57336ac528f8016ad519177807fd', 'bbee57336ac528f8016ad5101d1205f3'),
	('bbee57336ac528f8016ad51917780802', 'bbee57336ac528f8016ad51917780801', 'bbee57336ac528f8016ad5101d1205f3'),
	('bbee57336ac528f8016ad51917780807', 'bbee57336ac528f8016ad51917780806', 'bbee57336ac528f8016ad5101d1205f3'),
	('bbee57336ac528f8016ad5191778080d', 'bbee57336ac528f8016ad5191778080b', 'bbee57336ac528f8016ad5101d1205f3'),
	('bbee57336ac528f8016ad51917880811', 'bbee57336ac528f8016ad51917880810', 'bbee57336ac528f8016ad5101d1205f3'),
	('bbee57336ac528f8016ad51917880816', 'bbee57336ac528f8016ad51917880815', 'bbee57336ac528f8016ad5101d1205f3'),
	('bbee57336ac528f8016ad5191788081a', 'bbee57336ac528f8016ad51917880819', 'bbee57336ac528f8016ad5101d1205f3'),
	('bbee57336ac528f8016ad5191788081d', 'bbee57336ac528f8016ad5191788081c', 'bbee57336ac528f8016ad5101d1205f3'),
	('bbee57336ac528f8016ad51917b7082a', 'bbee57336ac528f8016ad51917b70829', 'bbee57336ac528f8016ad5101d1205f3'),
	('bbee57336ac528f8016ad51917b7082e', 'bbee57336ac528f8016ad51917b7082d', 'bbee57336ac528f8016ad5101d1205f3'),
	('bbee57336ac528f8016ad51917b70831', 'bbee57336ac528f8016ad51917b70830', 'bbee57336ac528f8016ad5101d1205f3'),
	('bbee57336ac528f8016ad51917b70834', 'bbee57336ac528f8016ad51917b70833', 'bbee57336ac528f8016ad5101d1205f3'),
	('bbee57336ac528f8016ad51917c60838', 'bbee57336ac528f8016ad51917c60837', 'bbee57336ac528f8016ad5101d1205f3'),
	('bbee57336ac528f8016ad51917c6083b', 'bbee57336ac528f8016ad51917c6083a', 'bbee57336ac528f8016ad5101d1205f3'),
	('bbee57336ac528f8016ad51917c6083e', 'bbee57336ac528f8016ad51917c6083d', 'bbee57336ac528f8016ad5101d1205f3'),
	('bbee57336ac528f8016ad51917c60842', 'bbee57336ac528f8016ad51917c60841', 'bbee57336ac528f8016ad5101d1205f3'),
	('bbee57336ac528f8016ad51917d60845', 'bbee57336ac528f8016ad51917d60844', 'bbee57336ac528f8016ad5101d1205f3'),
	('bbee57336ac528f8016ad51917d60848', 'bbee57336ac528f8016ad51917d60847', 'bbee57336ac528f8016ad5101d1205f3'),
	('bbee57336ac528f8016ad51917d6084b', 'bbee57336ac528f8016ad51917d6084a', 'bbee57336ac528f8016ad5101d1205f3'),
	('bbee57336ac528f8016ad51917d6084e', 'bbee57336ac528f8016ad51917d6084d', 'bbee57336ac528f8016ad5101d1205f3'),
	('bbee57336ac528f8016ad51917d60851', 'bbee57336ac528f8016ad51917d60850', 'bbee57336ac528f8016ad5101d1205f3'),
	('bbee57336ac528f8016ad51917e60854', 'bbee57336ac528f8016ad51917e60853', 'bbee57336ac528f8016ad5101d1205f3'),
	('bbee57336ac528f8016ad51917e60857', 'bbee57336ac528f8016ad51917e60856', 'bbee57336ac528f8016ad5101d1205f3'),
	('bbee57336ac528f8016ad51917e6085b', 'bbee57336ac528f8016ad51917e6085a', 'bbee57336ac528f8016ad5101d1205f3'),
	('bbee57336ac528f8016ad51917e6085e', 'bbee57336ac528f8016ad51917e6085d', 'bbee57336ac528f8016ad5101d1205f3'),
	('bbee57336ac528f8016ad51917f50861', 'bbee57336ac528f8016ad51917f50860', 'bbee57336ac528f8016ad5101d1205f3'),
	('bbee57336ac528f8016ad51917f50864', 'bbee57336ac528f8016ad51917f50863', 'bbee57336ac528f8016ad5101d1205f3'),
	('bbee57336ac528f8016ad51917f50869', 'bbee57336ac528f8016ad51917f50868', 'bbee57336ac528f8016ad5101d1205f3'),
	('bbee57336ac528f8016ad51917f5086c', 'bbee57336ac528f8016ad51917f5086b', 'bbee57336ac528f8016ad5101d1205f3'),
	('bbee57336ac528f8016ad51918050870', 'bbee57336ac528f8016ad5191805086e', 'bbee57336ac528f8016ad5101d1205f3'),
	('bbee57336ac528f8016ad51918050873', 'bbee57336ac528f8016ad51918050872', 'bbee57336ac528f8016ad5101d1205f3'),
	('bbee57336ac528f8016ad51918050876', 'bbee57336ac528f8016ad51918050875', 'bbee57336ac528f8016ad5101d1205f3'),
	('bbee57336ac528f8016ad51918050879', 'bbee57336ac528f8016ad51918050878', 'bbee57336ac528f8016ad5101d1205f3'),
	('bbee57336ac528f8016ad5191805087d', 'bbee57336ac528f8016ad5191805087c', 'bbee57336ac528f8016ad5101d1205f3'),
	('bbee57336ac528f8016ad51918140880', 'bbee57336ac528f8016ad5191814087f', 'bbee57336ac528f8016ad5101d1205f3'),
	('bbee57336ac528f8016ad51918140883', 'bbee57336ac528f8016ad51918140882', 'bbee57336ac528f8016ad5101d1205f3'),
	('bbee57336ac528f8016ad51918140886', 'bbee57336ac528f8016ad51918140885', 'bbee57336ac528f8016ad5101d1205f3'),
	('bbee57336ac528f8016ad5191814088b', 'bbee57336ac528f8016ad5191814088a', 'bbee57336ac528f8016ad5101d1205f3'),
	('bbee57336ac528f8016ad5191824088e', 'bbee57336ac528f8016ad5191824088d', 'bbee57336ac528f8016ad5101d1205f3'),
	('bbee57336ac528f8016ad51918240891', 'bbee57336ac528f8016ad51918240890', 'bbee57336ac528f8016ad5101d1205f3'),
	('bbee57336ac528f8016ad51918240894', 'bbee57336ac528f8016ad51918240893', 'bbee57336ac528f8016ad5101d1205f3'),
	('bbee57336ac528f8016ad51918240897', 'bbee57336ac528f8016ad51918240896', 'bbee57336ac528f8016ad5101d1205f3'),
	('bbee57336ac528f8016ad5191824089a', 'bbee57336ac528f8016ad51918240899', 'bbee57336ac528f8016ad5101d1205f3'),
	('bbee57336ac528f8016ad5191834089d', 'bbee57336ac528f8016ad5191834089c', 'bbee57336ac528f8016ad5101d1205f3'),
	('bbee57336ac528f8016ad519183408a1', 'bbee57336ac528f8016ad519183408a0', 'bbee57336ac528f8016ad5101d1205f3'),
	('bbee57336ac528f8016ad519183408a4', 'bbee57336ac528f8016ad519183408a3', 'bbee57336ac528f8016ad5101d1205f3'),
	('bbee57336ac528f8016ad519183408a9', 'bbee57336ac528f8016ad519183408a7', 'bbee57336ac528f8016ad5101d1205f3'),
	('bbee57336ac528f8016ad519184308ac', 'bbee57336ac528f8016ad519184308aa', 'bbee57336ac528f8016ad5101d1205f3'),
	('bbee57336ac528f8016ad519184308af', 'bbee57336ac528f8016ad519184308ae', 'bbee57336ac528f8016ad5101d1205f3'),
	('bbee57336ac528f8016ad519184308b2', 'bbee57336ac528f8016ad519184308b1', 'bbee57336ac528f8016ad5101d1205f3'),
	('bbee57336ac528f8016ad519184308b5', 'bbee57336ac528f8016ad519184308b4', 'bbee57336ac528f8016ad5101d1205f3'),
	('bbee57336ac528f8016ad519185308b9', 'bbee57336ac528f8016ad519185308b8', 'bbee57336ac528f8016ad5101d1205f3'),
	('bbee57336ac528f8016ad519185308bd', 'bbee57336ac528f8016ad519185308bc', 'bbee57336ac528f8016ad5101d1205f3'),
	('bbee57336ac528f8016ad519185308c1', 'bbee57336ac528f8016ad519185308c0', 'bbee57336ac528f8016ad5101d1205f3'),
	('bbee57336ac528f8016ad519185308c4', 'bbee57336ac528f8016ad519185308c3', 'bbee57336ac528f8016ad5101d1205f3'),
	('bbee57336ac528f8016ad519185308c7', 'bbee57336ac528f8016ad519185308c6', 'bbee57336ac528f8016ad5101d1205f3'),
	('bbee57336ac528f8016ad519186308ca', 'bbee57336ac528f8016ad519186308c9', 'bbee57336ac528f8016ad5101d1205f3'),
	('bbee57336ac528f8016ad519186308cd', 'bbee57336ac528f8016ad519186308cc', 'bbee57336ac528f8016ad5101d1205f3'),
	('bbee57336ac528f8016ad519186308d1', 'bbee57336ac528f8016ad519186308d0', 'bbee57336ac528f8016ad5101d1205f3'),
	('bbee57336ac528f8016ad519186308d4', 'bbee57336ac528f8016ad519186308d3', 'bbee57336ac528f8016ad5101d1205f3'),
	('bbee57336ac528f8016ad519187208d7', 'bbee57336ac528f8016ad519187208d6', 'bbee57336ac528f8016ad5101d1205f3'),
	('bbee57336ac528f8016ad519187208da', 'bbee57336ac528f8016ad519187208d9', 'bbee57336ac528f8016ad5101d1205f3'),
	('bbee57336ac528f8016ad519187208dd', 'bbee57336ac528f8016ad519187208dc', 'bbee57336ac528f8016ad5101d1205f3'),
	('bbee57336ac528f8016ad519187208e1', 'bbee57336ac528f8016ad519187208e0', 'bbee57336ac528f8016ad5101d1205f3'),
	('bbee57336ac528f8016ad519187208e4', 'bbee57336ac528f8016ad519187208e3', 'bbee57336ac528f8016ad5101d1205f3'),
	('bbee57336ac528f8016ad519188208e8', 'bbee57336ac528f8016ad519188208e7', 'bbee57336ac528f8016ad5101d1205f3'),
	('bbee57336ac528f8016ad519188208ec', 'bbee57336ac528f8016ad519188208eb', 'bbee57336ac528f8016ad5101d1205f3'),
	('bbee57336ac528f8016ad519188208f0', 'bbee57336ac528f8016ad519188208ef', 'bbee57336ac528f8016ad5101d1205f3'),
	('bbee57336ac528f8016ad519188208f4', 'bbee57336ac528f8016ad519188208f3', 'bbee57336ac528f8016ad5101d1205f3'),
	('bbee57336ac528f8016ad519189108f8', 'bbee57336ac528f8016ad519189108f7', 'bbee57336ac528f8016ad5101d1205f3'),
	('bbee57336ac528f8016ad519189108fb', 'bbee57336ac528f8016ad519189108fa', 'bbee57336ac528f8016ad5101d1205f3'),
	('bbee57336ac528f8016ad519189108fe', 'bbee57336ac528f8016ad519189108fd', 'bbee57336ac528f8016ad5101d1205f3'),
	('bbee57336ac528f8016ad51918910902', 'bbee57336ac528f8016ad51918910901', 'bbee57336ac528f8016ad5101d1205f3'),
	('bbee57336ac528f8016ad51918910905', 'bbee57336ac528f8016ad51918910904', 'bbee57336ac528f8016ad5101d1205f3'),
	('bbee57336ac528f8016ad51918a10908', 'bbee57336ac528f8016ad51918a10907', 'bbee57336ac528f8016ad5101d1205f3'),
	('bbee57336ac528f8016ad51918a1090b', 'bbee57336ac528f8016ad51918a1090a', 'bbee57336ac528f8016ad5101d1205f3'),
	('bbee57336ac528f8016ad51918a1090e', 'bbee57336ac528f8016ad51918a1090d', 'bbee57336ac528f8016ad5101d1205f3'),
	('bbee57336ac528f8016ad51918a10912', 'bbee57336ac528f8016ad51918a10910', 'bbee57336ac528f8016ad5101d1205f3'),
	('bbee57336ac528f8016ad51918a10915', 'bbee57336ac528f8016ad51918a10914', 'bbee57336ac528f8016ad5101d1205f3'),
	('bbee57336ac528f8016ad51918b10918', 'bbee57336ac528f8016ad51918b10917', 'bbee57336ac528f8016ad5101d1205f3'),
	('bbee57336ac528f8016ad51918b1091b', 'bbee57336ac528f8016ad51918b1091a', 'bbee57336ac528f8016ad5101d1205f3'),
	('bbee57336ac528f8016ad51918b1091f', 'bbee57336ac528f8016ad51918b1091e', 'bbee57336ac528f8016ad5101d1205f3'),
	('bbee57336ac528f8016ad51918b10922', 'bbee57336ac528f8016ad51918b10921', 'bbee57336ac528f8016ad5101d1205f3'),
	('bbee57336ac528f8016ad51918c00926', 'bbee57336ac528f8016ad51918c00925', 'bbee57336ac528f8016ad5101d1205f3'),
	('bbee57336ac528f8016ad51918c0092a', 'bbee57336ac528f8016ad51918c00929', 'bbee57336ac528f8016ad5101d1205f3'),
	('bbee57336ac528f8016ad51918c0092d', 'bbee57336ac528f8016ad51918c0092c', 'bbee57336ac528f8016ad5101d1205f3'),
	('bbee57336ac528f8016ad51918c00931', 'bbee57336ac528f8016ad51918c00930', 'bbee57336ac528f8016ad5101d1205f3'),
	('bbee57336ac528f8016ad51918c00934', 'bbee57336ac528f8016ad51918c00933', 'bbee57336ac528f8016ad5101d1205f3'),
	('bbee57336ac528f8016ad51918d00938', 'bbee57336ac528f8016ad51918d00937', 'bbee57336ac528f8016ad5101d1205f3'),
	('bbee57336ac528f8016ad51918d0093b', 'bbee57336ac528f8016ad51918d0093a', 'bbee57336ac528f8016ad5101d1205f3'),
	('bbee57336ac528f8016ad51918d0093f', 'bbee57336ac528f8016ad51918d0093d', 'bbee57336ac528f8016ad5101d1205f3'),
	('bbee57336ac528f8016ad51918d00942', 'bbee57336ac528f8016ad51918d00941', 'bbee57336ac528f8016ad5101d1205f3'),
	('bbee57336ac528f8016ad51918e00945', 'bbee57336ac528f8016ad51918e00944', 'bbee57336ac528f8016ad5101d1205f3'),
	('bbee57336ac528f8016ad51918e00949', 'bbee57336ac528f8016ad51918e00948', 'bbee57336ac528f8016ad5101d1205f3'),
	('bbee57336ac528f8016ad51918e0094d', 'bbee57336ac528f8016ad51918e0094c', 'bbee57336ac528f8016ad5101d1205f3'),
	('bbee57336ac528f8016ad51918e00950', 'bbee57336ac528f8016ad51918e0094e', 'bbee57336ac528f8016ad5101d1205f3'),
	('bbee57336ac528f8016ad51918ef0953', 'bbee57336ac528f8016ad51918ef0952', 'bbee57336ac528f8016ad5101d1205f3'),
	('bbee57336ac528f8016ad51918ef0956', 'bbee57336ac528f8016ad51918ef0955', 'bbee57336ac528f8016ad5101d1205f3'),
	('bbee57336ac528f8016ad51918ef0959', 'bbee57336ac528f8016ad51918ef0958', 'bbee57336ac528f8016ad5101d1205f3'),
	('bbee57336ac528f8016ad51918ef095d', 'bbee57336ac528f8016ad51918ef095c', 'bbee57336ac528f8016ad5101d1205f3'),
	('bbee57336ac528f8016ad51918ff0960', 'bbee57336ac528f8016ad51918ff095f', 'bbee57336ac528f8016ad5101d1205f3'),
	('bbee57336ac528f8016ad51918ff0963', 'bbee57336ac528f8016ad51918ff0962', 'bbee57336ac528f8016ad5101d1205f3'),
	('bbee57336ac528f8016ad51918ff0966', 'bbee57336ac528f8016ad51918ff0965', 'bbee57336ac528f8016ad5101d1205f3'),
	('bbee57336ac528f8016ad51918ff096a', 'bbee57336ac528f8016ad51918ff0969', 'bbee57336ac528f8016ad5101d1205f3'),
	('bbee57336ac528f8016ad519190e096e', 'bbee57336ac528f8016ad519190e096d', 'bbee57336ac528f8016ad5101d1205f3'),
	('bbee57336ac528f8016ad519190e0971', 'bbee57336ac528f8016ad519190e0970', 'bbee57336ac528f8016ad5101d1205f3'),
	('bbee57336ac528f8016ad519190e0974', 'bbee57336ac528f8016ad519190e0973', 'bbee57336ac528f8016ad5101d1205f3'),
	('bbee57336ac528f8016ad519190e0978', 'bbee57336ac528f8016ad519190e0977', 'bbee57336ac528f8016ad5101d1205f3'),
	('bbee57336ac528f8016ad519191e097b', 'bbee57336ac528f8016ad519191e097a', 'bbee57336ac528f8016ad5101d1205f3'),
	('bbee57336ac528f8016ad519191e097e', 'bbee57336ac528f8016ad519191e097d', 'bbee57336ac528f8016ad5101d1205f3'),
	('bbee57336ac528f8016ad519191e0982', 'bbee57336ac528f8016ad519191e0981', 'bbee57336ac528f8016ad5101d1205f3'),
	('bbee57336ac528f8016ad519191e0986', 'bbee57336ac528f8016ad519191e0985', 'bbee57336ac528f8016ad5101d1205f3'),
	('bbee57336ac528f8016ad519192e098b', 'bbee57336ac528f8016ad519192e098a', 'bbee57336ac528f8016ad5101d1205f3'),
	('bbee57336ac528f8016ad519192e098e', 'bbee57336ac528f8016ad519192e098d', 'bbee57336ac528f8016ad5101d1205f3'),
	('bbee57336ac528f8016ad519192e0992', 'bbee57336ac528f8016ad519192e0991', 'bbee57336ac528f8016ad5101d1205f3'),
	('bbee57336ac528f8016ad519192e0996', 'bbee57336ac528f8016ad519192e0995', 'bbee57336ac528f8016ad5101d1205f3'),
	('bbee57336ac528f8016ad519193d099a', 'bbee57336ac528f8016ad519193d0999', 'bbee57336ac528f8016ad5101d1205f3'),
	('bbee57336ac528f8016ad519193d099d', 'bbee57336ac528f8016ad519193d099c', 'bbee57336ac528f8016ad5101d1205f3'),
	('bbee57336ac528f8016ad519193d09a0', 'bbee57336ac528f8016ad519193d099f', 'bbee57336ac528f8016ad5101d1205f3'),
	('bbee57336ac528f8016ad519193d09a4', 'bbee57336ac528f8016ad519193d09a3', 'bbee57336ac528f8016ad5101d1205f3'),
	('bbee57336ac528f8016ad519194d09a9', 'bbee57336ac528f8016ad519194d09a8', 'bbee57336ac528f8016ad5101d1205f3'),
	('bbee57336ac528f8016ad519194d09ad', 'bbee57336ac528f8016ad519194d09ac', 'bbee57336ac528f8016ad5101d1205f3'),
	('bbee57336ac528f8016ad519194d09b0', 'bbee57336ac528f8016ad519194d09af', 'bbee57336ac528f8016ad5101d1205f3'),
	('bbee57336ac528f8016ad519194d09b3', 'bbee57336ac528f8016ad519194d09b2', 'bbee57336ac528f8016ad5101d1205f3'),
	('bbee57336ac528f8016ad519195d09b6', 'bbee57336ac528f8016ad519195d09b5', 'bbee57336ac528f8016ad5101d1205f3'),
	('bbee57336ac528f8016ad519195d09ba', 'bbee57336ac528f8016ad519195d09b9', 'bbee57336ac528f8016ad5101d1205f3'),
	('bbee57336ac528f8016ad519195d09bf', 'bbee57336ac528f8016ad519195d09be', 'bbee57336ac528f8016ad5101d1205f3'),
	('bbee57336ac528f8016ad519195d09c2', 'bbee57336ac528f8016ad519195d09c1', 'bbee57336ac528f8016ad5101d1205f3'),
	('bbee57336ac528f8016ad519196c09c6', 'bbee57336ac528f8016ad519196c09c5', 'bbee57336ac528f8016ad5101d1205f3'),
	('bbee57336ac528f8016ad519196c09c9', 'bbee57336ac528f8016ad519196c09c8', 'bbee57336ac528f8016ad5101d1205f3'),
	('bbee57336ac528f8016ad519196c09cd', 'bbee57336ac528f8016ad519196c09cc', 'bbee57336ac528f8016ad5101d1205f3'),
	('bbee57336ac528f8016ad519196c09d0', 'bbee57336ac528f8016ad519196c09cf', 'bbee57336ac528f8016ad5101d1205f3'),
	('bbee57336ac528f8016ad519197c09d3', 'bbee57336ac528f8016ad519197c09d2', 'bbee57336ac528f8016ad5101d1205f3'),
	('bbee57336ac528f8016ad519197c09d7', 'bbee57336ac528f8016ad519197c09d6', 'bbee57336ac528f8016ad5101d1205f3'),
	('bbee57336ac528f8016ad519197c09da', 'bbee57336ac528f8016ad519197c09d9', 'bbee57336ac528f8016ad5101d1205f3'),
	('bbee57336ac528f8016ad519197c09dd', 'bbee57336ac528f8016ad519197c09dc', 'bbee57336ac528f8016ad5101d1205f3'),
	('bbee57336ac528f8016ad519198b09e1', 'bbee57336ac528f8016ad519198b09e0', 'bbee57336ac528f8016ad5101d1205f3'),
	('bbee57336ac528f8016ad519198b09e4', 'bbee57336ac528f8016ad519198b09e3', 'bbee57336ac528f8016ad5101d1205f3'),
	('bbee57336ac528f8016ad519198b09e7', 'bbee57336ac528f8016ad519198b09e6', 'bbee57336ac528f8016ad5101d1205f3'),
	('bbee57336ac528f8016ad519198b09eb', 'bbee57336ac528f8016ad519198b09ea', 'bbee57336ac528f8016ad5101d1205f3'),
	('bbee57336ac528f8016ad519199b09ee', 'bbee57336ac528f8016ad519199b09ed', 'bbee57336ac528f8016ad5101d1205f3'),
	('bbee57336ac528f8016ad519199b09f2', 'bbee57336ac528f8016ad519199b09f1', 'bbee57336ac528f8016ad5101d1205f3'),
	('bbee57336ac528f8016ad519199b09f5', 'bbee57336ac528f8016ad519199b09f4', 'bbee57336ac528f8016ad5101d1205f3'),
	('bbee57336ac528f8016ad51919ab09f9', 'bbee57336ac528f8016ad51919ab09f8', 'bbee57336ac528f8016ad5101d1205f3'),
	('bbee57336ac528f8016ad51919ab09fc', 'bbee57336ac528f8016ad51919ab09fb', 'bbee57336ac528f8016ad5101d1205f3'),
	('bbee57336ac528f8016ad51919ab09ff', 'bbee57336ac528f8016ad51919ab09fe', 'bbee57336ac528f8016ad5101d1205f3'),
	('bbee57336ac528f8016ad51919ab0a02', 'bbee57336ac528f8016ad51919ab0a01', 'bbee57336ac528f8016ad5101d1205f3'),
	('bbee57336ac528f8016ad51919ba0a07', 'bbee57336ac528f8016ad51919ba0a06', 'bbee57336ac528f8016ad5101d1205f3'),
	('bbee57336ac528f8016ad51919ba0a0a', 'bbee57336ac528f8016ad51919ba0a09', 'bbee57336ac528f8016ad5101d1205f3'),
	('bbee57336ac528f8016ad51919ba0a0d', 'bbee57336ac528f8016ad51919ba0a0c', 'bbee57336ac528f8016ad5101d1205f3'),
	('bbee57336ac528f8016ad51919ba0a11', 'bbee57336ac528f8016ad51919ba0a10', 'bbee57336ac528f8016ad5101d1205f3'),
	('bbee57336ac528f8016ad51919ca0a14', 'bbee57336ac528f8016ad51919ca0a13', 'bbee57336ac528f8016ad5101d1205f3'),
	('bbee57336ac528f8016ad51919ca0a17', 'bbee57336ac528f8016ad51919ca0a16', 'bbee57336ac528f8016ad5101d1205f3'),
	('bbee57336ac528f8016ad51919ca0a1b', 'bbee57336ac528f8016ad51919ca0a1a', 'bbee57336ac528f8016ad5101d1205f3'),
	('bbee57336ac528f8016ad51919ca0a1e', 'bbee57336ac528f8016ad51919ca0a1d', 'bbee57336ac528f8016ad5101d1205f3'),
	('bbee57336ac528f8016ad51919da0a21', 'bbee57336ac528f8016ad51919da0a20', 'bbee57336ac528f8016ad5101d1205f3'),
	('bbee57336ac528f8016ad51919da0a24', 'bbee57336ac528f8016ad51919da0a23', 'bbee57336ac528f8016ad5101d1205f3'),
	('bbee57336ac528f8016ad51919da0a27', 'bbee57336ac528f8016ad51919da0a26', 'bbee57336ac528f8016ad5101d1205f3'),
	('bbee57336ac528f8016ad51919da0a2b', 'bbee57336ac528f8016ad51919da0a2a', 'bbee57336ac528f8016ad5101d1205f3'),
	('bbee57336ac528f8016ad51919e90a2e', 'bbee57336ac528f8016ad51919e90a2d', 'bbee57336ac528f8016ad5101d1205f3'),
	('bbee57336ac528f8016ad51919e90a31', 'bbee57336ac528f8016ad51919e90a30', 'bbee57336ac528f8016ad5101d1205f3'),
	('bbee57336ac528f8016ad51919e90a35', 'bbee57336ac528f8016ad51919e90a34', 'bbee57336ac528f8016ad5101d1205f3'),
	('bbee57336ac528f8016ad51919e90a39', 'bbee57336ac528f8016ad51919e90a38', 'bbee57336ac528f8016ad5101d1205f3'),
	('bbee57336ac528f8016ad51919f90a3c', 'bbee57336ac528f8016ad51919f90a3b', 'bbee57336ac528f8016ad5101d1205f3'),
	('bbee57336ac528f8016ad51919f90a3f', 'bbee57336ac528f8016ad51919f90a3e', 'bbee57336ac528f8016ad5101d1205f3'),
	('bbee57336ac528f8016ad51919f90a42', 'bbee57336ac528f8016ad51919f90a41', 'bbee57336ac528f8016ad5101d1205f3'),
	('bbee57336ac528f8016ad51919f90a46', 'bbee57336ac528f8016ad51919f90a45', 'bbee57336ac528f8016ad5101d1205f3'),
	('bbee57336ac528f8016ad51919f90a49', 'bbee57336ac528f8016ad51919f90a48', 'bbee57336ac528f8016ad5101d1205f3'),
	('bbee57336ac528f8016ad5191a080a4c', 'bbee57336ac528f8016ad5191a080a4b', 'bbee57336ac528f8016ad5101d1205f3'),
	('bbee57336ac528f8016ad5191a080a50', 'bbee57336ac528f8016ad5191a080a4f', 'bbee57336ac528f8016ad5101d1205f3'),
	('bbee57336ac528f8016ad5191a080a55', 'bbee57336ac528f8016ad5191a080a54', 'bbee57336ac528f8016ad5101d1205f3'),
	('bbee57336ac528f8016ad5191a080a58', 'bbee57336ac528f8016ad5191a080a57', 'bbee57336ac528f8016ad5101d1205f3'),
	('bbee57336ac528f8016ad5191a080a5c', 'bbee57336ac528f8016ad5191a080a5b', 'bbee57336ac528f8016ad5101d1205f3'),
	('bbee57336ac528f8016ad5191a180a5f', 'bbee57336ac528f8016ad5191a180a5e', 'bbee57336ac528f8016ad5101d1205f3'),
	('bbee57336ac528f8016ad5191a180a63', 'bbee57336ac528f8016ad5191a180a62', 'bbee57336ac528f8016ad5101d1205f3'),
	('bbee57336ac528f8016ad5191a180a66', 'bbee57336ac528f8016ad5191a180a65', 'bbee57336ac528f8016ad5101d1205f3'),
	('bbee57336ac528f8016ad5191a180a69', 'bbee57336ac528f8016ad5191a180a68', 'bbee57336ac528f8016ad5101d1205f3'),
	('bbee57336ac528f8016ad5191a280a6d', 'bbee57336ac528f8016ad5191a280a6c', 'bbee57336ac528f8016ad5101d1205f3'),
	('bbee57336ac528f8016ad5191a280a70', 'bbee57336ac528f8016ad5191a280a6f', 'bbee57336ac528f8016ad5101d1205f3'),
	('bbee57336ac528f8016ad5191a280a74', 'bbee57336ac528f8016ad5191a280a73', 'bbee57336ac528f8016ad5101d1205f3'),
	('bbee57336ac528f8016ad5191a280a78', 'bbee57336ac528f8016ad5191a280a77', 'bbee57336ac528f8016ad5101d1205f3'),
	('bbee57336ac528f8016ad5191a370a7c', 'bbee57336ac528f8016ad5191a370a7b', 'bbee57336ac528f8016ad5101d1205f3'),
	('bbee57336ac528f8016ad5191a370a80', 'bbee57336ac528f8016ad5191a370a7f', 'bbee57336ac528f8016ad5101d1205f3'),
	('bbee57336ac528f8016ad5191a370a83', 'bbee57336ac528f8016ad5191a370a82', 'bbee57336ac528f8016ad5101d1205f3'),
	('bbee57336ac528f8016ad5191a370a87', 'bbee57336ac528f8016ad5191a370a86', 'bbee57336ac528f8016ad5101d1205f3'),
	('bbee57336ac528f8016ad5191a370a8b', 'bbee57336ac528f8016ad5191a370a8a', 'bbee57336ac528f8016ad5101d1205f3'),
	('bbee57336ac528f8016ad5191a470a8f', 'bbee57336ac528f8016ad5191a470a8e', 'bbee57336ac528f8016ad5101d1205f3'),
	('bbee57336ac528f8016ad5191a470a95', 'bbee57336ac528f8016ad5191a470a94', 'bbee57336ac528f8016ad5101d1205f3'),
	('bbee57336ac528f8016ad5191a470a99', 'bbee57336ac528f8016ad5191a470a98', 'bbee57336ac528f8016ad5101d1205f3'),
	('bbee57336ac528f8016ad5191a570a9e', 'bbee57336ac528f8016ad5191a570a9d', 'bbee57336ac528f8016ad5101d1205f3'),
	('bbee57336ac528f8016ad5191a570aa5', 'bbee57336ac528f8016ad5191a570aa4', 'bbee57336ac528f8016ad5101d1205f3'),
	('bbee57336ac528f8016ad5191a570aa8', 'bbee57336ac528f8016ad5191a570aa7', 'bbee57336ac528f8016ad5101d1205f3'),
	('bbee57336ac528f8016ad5191a570aac', 'bbee57336ac528f8016ad5191a570aab', 'bbee57336ac528f8016ad5101d1205f3'),
	('bbee57336ac528f8016ad5191a660ab1', 'bbee57336ac528f8016ad5191a660ab0', 'bbee57336ac528f8016ad5101d1205f3'),
	('bbee57336ac528f8016ad5191a660ab4', 'bbee57336ac528f8016ad5191a660ab3', 'bbee57336ac528f8016ad5101d1205f3'),
	('bbee57336ac528f8016ad5191a660ab7', 'bbee57336ac528f8016ad5191a660ab6', 'bbee57336ac528f8016ad5101d1205f3'),
	('bbee57336ac528f8016ad5191a660abb', 'bbee57336ac528f8016ad5191a660aba', 'bbee57336ac528f8016ad5101d1205f3'),
	('bbee57336ac528f8016ad5191a760abe', 'bbee57336ac528f8016ad5191a760abd', 'bbee57336ac528f8016ad5101d1205f3'),
	('bbee57336ac528f8016ad5191a760ac3', 'bbee57336ac528f8016ad5191a760ac2', 'bbee57336ac528f8016ad5101d1205f3'),
	('bbee57336ac528f8016ad5191a760ac7', 'bbee57336ac528f8016ad5191a760ac6', 'bbee57336ac528f8016ad5101d1205f3'),
	('bbee57336ac528f8016ad5191a760aca', 'bbee57336ac528f8016ad5191a760ac9', 'bbee57336ac528f8016ad5101d1205f3'),
	('bbee57336ac528f8016ad5191a850acd', 'bbee57336ac528f8016ad5191a850acc', 'bbee57336ac528f8016ad5101d1205f3'),
	('bbee57336ac528f8016ad5191a850ad1', 'bbee57336ac528f8016ad5191a850ad0', 'bbee57336ac528f8016ad5101d1205f3'),
	('bbee57336ac528f8016ad896f2ec0d36', 'bbee57336ac528f8016ad896f2ec0d35', 'bbee57336ac528f8016ad5101d1205f3'),
	('bbee57336ad91684016ad97f9a4f0018', 'bbee57336ac528f8016ad8a70e560d3e', 'bbee57336ac528f8016ad5101d1205f3');
/*!40000 ALTER TABLE `alone_auth_userorg` ENABLE KEYS */;

-- 导出  表 wlp.alone_auth_userpost 结构
CREATE TABLE IF NOT EXISTS `alone_auth_userpost` (
  `ID` varchar(32) NOT NULL,
  `USERID` varchar(32) NOT NULL,
  `POSTID` varchar(32) NOT NULL,
  PRIMARY KEY (`ID`)
) ENGINE=InnoDB DEFAULT CHARSET=utf8;

-- 正在导出表  wlp.alone_auth_userpost 的数据：~6 rows (大约)
/*!40000 ALTER TABLE `alone_auth_userpost` DISABLE KEYS */;
INSERT INTO `alone_auth_userpost` (`ID`, `USERID`, `POSTID`) VALUES
	('2c948a8270ed2e1f0170ed2fcfb40005', '2c948a8270ed2e1f0170ed2fcfb40003', '402881e66ed547fc016ed57f6d87003f'),
	('402881e66ed547fc016ed57fa9ae0042', '402881e66e83238a016e834a024a0012', '402881e66ed547fc016ed57f6d87003f'),
	('402881ec6ffaf01f016ffafcd344000a', '40288b854a329988014a329a12f30002', '2c902a8d67085e66016708972b530109'),
	('4028b8816c6ad4f8016c6ad74cfd001f', '2c909b2b602c54c801602c6ebcb00006', '2c902a8d67085e66016708972b530109'),
	('4028b8816c6ad4f8016c6ad74d190021', '402889ac5c391d71015c3982ca730040', '2c902a8d67085e66016708972b530109'),
	('8af5c60d5c6cda02015c784bda7700c3', '8af5c60d5c6cda02015c784bda7700c1', '402888a84fcb96ee014fcbaa88250020');
/*!40000 ALTER TABLE `alone_auth_userpost` ENABLE KEYS */;

-- 导出  表 wlp.alone_dictionary_entity 结构
CREATE TABLE IF NOT EXISTS `alone_dictionary_entity` (
  `ID` varchar(32) NOT NULL,
  `CTIME` varchar(12) NOT NULL,
  `UTIME` varchar(12) NOT NULL,
  `CUSER` varchar(32) NOT NULL,
  `MUSER` varchar(32) NOT NULL,
  `STATE` char(1) NOT NULL DEFAULT '',
  `NAME` varchar(128) NOT NULL,
  `ENTITYINDEX` varchar(128) NOT NULL,
  `COMMENTS` varchar(128) DEFAULT NULL,
  `TYPE` char(1) NOT NULL,
  PRIMARY KEY (`ID`)
) ENGINE=InnoDB DEFAULT CHARSET=utf8 COMMENT='InnoDB free: 12288 kB';

-- 正在导出表  wlp.alone_dictionary_entity 的数据：~35 rows (大约)
/*!40000 ALTER TABLE `alone_dictionary_entity` DISABLE KEYS */;
INSERT INTO `alone_dictionary_entity` (`ID`, `CTIME`, `UTIME`, `CUSER`, `MUSER`, `STATE`, `NAME`, `ENTITYINDEX`, `COMMENTS`, `TYPE`) VALUES
	('03d878673859473bb0c45c15550fd3a0', '201911152230', '201911152230', '40288b854a329988014a329a12f30002', '40288b854a329988014a329a12f30002', '0', 'byg0DQRjkhP0vllQ+zLvCzdg1Pdg+YKn', 'V6iir0l6ivY=', '{none}', '1'),
	('03e43dbc981f46808b8c0a81db7c8c31', '202002271022', '202002271022', '40288b854a329988014a329a12f30002', '40288b854a329988014a329a12f30002', '0', '13111058226', 'wcp-F2854', '{none}', '1'),
	('1f2717f390fa4031ab94edfa905dddda', '201912031851', '201912031851', '40288b854a329988014a329a12f30002', '40288b854a329988014a329a12f30002', '0', 'byg0DQRjkhP0vllQ+zLvCzdg1Pdg+YKn', 'c0HaCJMNIxQ=', '{none}', '1'),
	('38d88c1fe0ff49138978919861797b4a', '202004021006', '202004021006', '40288b854a329988014a329a12f30002', '40288b854a329988014a329a12f30002', '0', 'byg0DQRjkhP0vllQ+zLvCzdg1Pdg+YKn', 'wYmfCS4enGo=', '{none}', '1'),
	('4028841071a051660171a05507430004', '202004221320', '202004221320', '40288b854a329988014a329a12f30002', '40288b854a329988014a329a12f30002', '1', '审核知识积分授予列表', 'DOCAUDIT_POINTLIST', '{0:0, 1:1, 2:2, 3:3, 4:4, 5:5}', '1'),
	('402888a855ce21490155ce3ebb7f0000', '201607091401', '201607091401', '40288b854a329988014a329a12f30002', '40288b854a329988014a329a12f30002', '1', '个人简历-期望工作性质', 'RESUME_WORKNATURE', '{全职:1, 兼职:2, 实习:3}', '1'),
	('402888a855ce21490155ce402ec90001', '201607091402', '201607091402', '40288b854a329988014a329a12f30002', '40288b854a329988014a329a12f30002', '1', '个人简历-期望从事职业', 'RESUME_WORKOCCUPATION', '{开发:1, 测试:2, 项目经理:4}', '1'),
	('402888a855ce21490155ce4062ef0002', '201607091402', '201607091402', '40288b854a329988014a329a12f30002', '40288b854a329988014a329a12f30002', '1', '个人简历-期望从事行业', 'RESUME_WORKINDUSTRY', '{金融业:1, IT|通信|电子|互联网:2, 政府|非盈利机构:3, 交通|运输|物流|仓储:4, 其它:99}', '1'),
	('402888a855ce21490155ce409db00003', '201607091403', '201607091403', '40288b854a329988014a329a12f30002', '40288b854a329988014a329a12f30002', '1', '个人简历-工作状态', 'RESUME_WORKSTAT', '{在职:1, 离职:2}', '1'),
	('402888ac55c54f310155c557c10f0000', '201607072031', '201607072031', '40288b854a329988014a329a12f30002', '40288b854a329988014a329a12f30002', '1', '个人简历-性别', 'RESUME_SEX', '{男:1, 女:2}', '1'),
	('402888ac55c9abb00155c9b11a730000', '201607081647', '201607081647', '40288b854a329988014a329a12f30002', '40288b854a329988014a329a12f30002', '1', '个人简历-婚姻状况', 'RESUME_MARRIAGESTA', '{未婚:1, 已婚:2, 离异:3}', '1'),
	('402888ac55c9abb00155c9b1a65e0001', '201607081648', '201607081648', '40288b854a329988014a329a12f30002', '40288b854a329988014a329a12f30002', '1', '个人简历-海外工作/学习经历', 'RESUME_STUDYABROAD', '{有:1, 无:2}', '1'),
	('402888ac55c9abb00155c9b1d83e0002', '201607081648', '201607081648', '40288b854a329988014a329a12f30002', '40288b854a329988014a329a12f30002', '1', '个人简历-政治面貌', 'RESUME_ZZMM', '{中共党员(含预备党员):1, 团员:2, 群众:3, 民主党派:4, 无党派人士:5}', '1'),
	('402888ac55c9abb00155c9ba602a000d', '201607081658', '201607081658', '40288b854a329988014a329a12f30002', '40288b854a329988014a329a12f30002', '1', '个人简历-国籍', 'RESUME_NATIONALITY', '{中国:1, 其它:99}', '1'),
	('402888ac55c9abb00155c9bec52b0011', '201607081702', '201607081702', '40288b854a329988014a329a12f30002', '40288b854a329988014a329a12f30002', '1', '个人简历-证件类型', 'RESUME_OTHERTYPE', '{驾照:1, 其它:99}', '1'),
	('402888ac55cd984d0155cdad81b30000', '201607091122', '201607091122', '40288b854a329988014a329a12f30002', '40288b854a329988014a329a12f30002', '1', '个人简历-学历', 'RESUME_DEGREE', '{初中:4, 高中:8, 大专:12, 本科:16, 研究生:5, 博士生:20}', '1'),
	('402888ac55cd984d0155cdadd46f0001', '201607091122', '201607091122', '40288b854a329988014a329a12f30002', '40288b854a329988014a329a12f30002', '1', '个人简历-是否统招', 'RESUME_UNITARYIS', '{是:1, 否:2}', '1'),
	('402888ac55ce66e90155ce7702aa0000', '201607091502', '201607091502', '40288b854a329988014a329a12f30002', '40288b854a329988014a329a12f30002', '1', '个人简历-行业类别', 'RESUME_TYPE', '{IT:1, 房地产/建筑/建材/工程:2, 耐用消费品（服饰/纺织/皮革/家具/家电）:3, 医药/生物工程:4, 广告/会展/公关:5, 其它:99}', '1'),
	('402888ac55ce66e90155ce7736ed0001', '201607091502', '201607091502', '40288b854a329988014a329a12f30002', '40288b854a329988014a329a12f30002', '1', '个人简历-企业性质', 'RESUME_EPROPERTY', '{国企|央企:1, 私企:2, 外企:3, 其它:99}', '1'),
	('402888ac55ce66e90155ce7761670002', '201607091502', '201607091502', '40288b854a329988014a329a12f30002', '40288b854a329988014a329a12f30002', '1', '个人简历-企业规模', 'RESUME_ESCALE', '{20人以下:1, 20~100:2, 100~500:3, 500~1000:4, 1000~5000:5, 5000~10000:6, 10000人以上:7}', '1'),
	('402888ac55ce66e90155ce77871a0003', '201607091503', '201607091503', '40288b854a329988014a329a12f30002', '40288b854a329988014a329a12f30002', '1', '个人简历-职位月薪(税前)', 'RESUME_SALARY', '{1000以下:1, 2000~3000:2, 3000~4000:3, 4000~5000:4, 5000~7000:5, 7000~9000:7, 10000~15000:10, 15000~以上...', '1'),
	('402888ac55d3b5ef0155d3baf3ac0000', '201607101534', '201607101534', '40288b854a329988014a329a12f30002', '40288b854a329988014a329a12f30002', '1', '个人简历-与本人关系', 'RESUME_RELATIONTYPE', '{父母:1, 兄弟姐妹:2, 子女:3, 其他:99}', '1'),
	('402894ca49600f600149602141820000', '201410301617', '201410301617', '12312323123123', '12312323123123', '1', '系统菜单域', 'ALONE_MENU_DOMAIN', '{前台:HOME}', '1'),
	('402894ca4add11f6014add1ad9cd000e', '201501121545', '201501121545', '40288b854a329988014a329a12f30002', '40288b854a329988014a329a12f30002', '1', '计划任务标签', 'PLAN_TAGS', '{日程:日程, 错误修复:错误修复}', '1'),
	('4028b8816d869aaf016d86c36f83003c', '201910011800', '201910012140', '40288b854a329988014a329a12f30002', '40288b854a329988014a329a12f30002', '1', '測試树', 'asdfasdf', '{2:2}', '0'),
	('4028b8816d869aaf016d86eb350a003e', '201910011843', '201910012140', '40288b854a329988014a329a12f30002', '40288b854a329988014a329a12f30002', '1', '测似文件组', 'USER_DEFAULT_PHOTOS', '{2:4028b8816d8a2ab0016d8ad55e9b0054}', '2'),
	('4028b8816d8783d9016d878c7b320004', '201910012139', '201910012139', '40288b854a329988014a329a12f30002', '40288b854a329988014a329a12f30002', '1', '測試序列', 'test_list', '', '1'),
	('6578fd8259db44b8ad7e711f7ec78b17', '201905052103', '201905052103', '40288b854a329988014a329a12f30002', '40288b854a329988014a329a12f30002', '0', 'niHH8X7aa8Hns5ZUIlJ6Xh5Cxuc+BbqE', '9zmyZ8IsSXs=', '{none}', '1'),
	('7263206837704f3389782fdddf33d550', '201811122059', '201811122059', '40288b854a329988014a329a12f30002', '40288b854a329988014a329a12f30002', '0', 'niHH8X7aa8Hns5ZUIlJ6Xh5Cxuc+BbqE', 'dLRC0l1Fl/Q=', '{none}', '1'),
	('9086ce27f89e4be7ba38cc1fb054eb1f', '202002102105', '202002102105', '40288b854a329988014a329a12f30002', '40288b854a329988014a329a12f30002', '0', 'byg0DQRjkhP0vllQ+zLvCzdg1Pdg+YKn', '9wx62yld1Q0=', '{none}', '1'),
	('9c157c0818ef4784aa620eb3854d0f17', '201810161509', '201810161509', '40288b854a329988014a329a12f30002', '40288b854a329988014a329a12f30002', '0', 'rYGht6RSk5hudeZx88NZ/907OP6ufvcY', '+nQHCpAShLw=', '{none}', '1'),
	('e9c306a8afaf454cb5e6c9bfff5d5496', '202003010807', '202003010807', '40288b854a329988014a329a12f30002', '40288b854a329988014a329a12f30002', '0', 'byg0DQRjkhP0vllQ+zLvCzdg1Pdg+YKn', 'I82OGeY6zPA=', '{none}', '1'),
	('f1c8290d909f4ab5beeb5455e9c76ec1', '201902091940', '201902091940', '40288b854a329988014a329a12f30002', '40288b854a329988014a329a12f30002', '0', 'niHH8X7aa8Hns5ZUIlJ6Xh5Cxuc+BbqE', 'JXAVJSQ//As=', '{none}', '1'),
	('f326be256a1c41a69ee9e53b2aa4e4bf', '202001031615', '202001031615', '40288b854a329988014a329a12f30002', '40288b854a329988014a329a12f30002', '0', 'byg0DQRjkhP0vllQ+zLvCzdg1Pdg+YKn', 'l0JuMxgazxY=', '{none}', '1'),
	('f342d1d9b8774d91a20bd4154ca36585', '202005051713', '202005051713', '40288b854a329988014a329a12f30002', '40288b854a329988014a329a12f30002', '0', 'byg0DQRjkhP0vllQ+zLvCzdg1Pdg+YKn', 'Es7FB194xeo=', '{none}', '1');
/*!40000 ALTER TABLE `alone_dictionary_entity` ENABLE KEYS */;

-- 导出  表 wlp.alone_dictionary_type 结构
CREATE TABLE IF NOT EXISTS `alone_dictionary_type` (
  `CTIME` varchar(12) NOT NULL,
  `UTIME` varchar(12) NOT NULL,
  `CUSER` varchar(32) NOT NULL,
  `MUSER` varchar(32) NOT NULL,
  `STATE` char(1) NOT NULL,
  `NAME` varchar(128) NOT NULL,
  `COMMENTS` varchar(128) DEFAULT NULL,
  `ENTITYTYPE` varchar(128) NOT NULL,
  `ENTITY` varchar(32) NOT NULL,
  `ID` varchar(32) NOT NULL DEFAULT '',
  `SORT` int(11) NOT NULL,
  `PARENTID` varchar(32) DEFAULT NULL,
  `TREECODE` varchar(256) DEFAULT NULL,
  PRIMARY KEY (`ID`),
  KEY `FK_Reference_8` (`ENTITY`) USING BTREE,
  CONSTRAINT `alone_dictionary_type_ibfk_1` FOREIGN KEY (`ENTITY`) REFERENCES `alone_dictionary_entity` (`ID`)
) ENGINE=InnoDB DEFAULT CHARSET=utf8 COMMENT='InnoDB free: 12288 kB alone_dictionary_type';

-- 正在导出表  wlp.alone_dictionary_type 的数据：~65 rows (大约)
/*!40000 ALTER TABLE `alone_dictionary_type` DISABLE KEYS */;
INSERT INTO `alone_dictionary_type` (`CTIME`, `UTIME`, `CUSER`, `MUSER`, `STATE`, `NAME`, `COMMENTS`, `ENTITYTYPE`, `ENTITY`, `ID`, `SORT`, `PARENTID`, `TREECODE`) VALUES
	('202004221321', '202004221321', '40288b854a329988014a329a12f30002', '40288b854a329988014a329a12f30002', '1', '0', '', '0', '4028841071a051660171a05507430004', '4028841071a051660171a0556af10005', 0, 'NONE', '4028841071a051660171a0556af10005'),
	('202004221321', '202004221321', '40288b854a329988014a329a12f30002', '40288b854a329988014a329a12f30002', '1', '1', '', '1', '4028841071a051660171a05507430004', '4028841071a051660171a05584fd0006', 1, 'NONE', '4028841071a051660171a05584fd0006'),
	('202004221321', '202004221321', '40288b854a329988014a329a12f30002', '40288b854a329988014a329a12f30002', '1', '2', '', '2', '4028841071a051660171a05507430004', '4028841071a051660171a055988a0007', 2, 'NONE', '4028841071a051660171a055988a0007'),
	('202004221321', '202004221321', '40288b854a329988014a329a12f30002', '40288b854a329988014a329a12f30002', '1', '3', '', '3', '4028841071a051660171a05507430004', '4028841071a051660171a055a90e0008', 3, 'NONE', '4028841071a051660171a055a90e0008'),
	('202004221321', '202004221321', '40288b854a329988014a329a12f30002', '40288b854a329988014a329a12f30002', '1', '4', '', '4', '4028841071a051660171a05507430004', '4028841071a051660171a055b8870009', 4, 'NONE', '4028841071a051660171a055b8870009'),
	('202004221321', '202004221321', '40288b854a329988014a329a12f30002', '40288b854a329988014a329a12f30002', '1', '5', '', '5', '4028841071a051660171a05507430004', '4028841071a051660171a055c7c2000a', 5, 'NONE', '4028841071a051660171a055c7c2000a'),
	('201607091404', '201607091404', '40288b854a329988014a329a12f30002', '40288b854a329988014a329a12f30002', '1', '在职', '', '1', '402888a855ce21490155ce409db00003', '402888a855ce21490155ce41a7670004', 1, 'NONE', '402888a855ce21490155ce41a7670004'),
	('201607091404', '201607091404', '40288b854a329988014a329a12f30002', '40288b854a329988014a329a12f30002', '1', '离职', '', '2', '402888a855ce21490155ce409db00003', '402888a855ce21490155ce41c5150005', 2, 'NONE', '402888a855ce21490155ce41c5150005'),
	('201607091404', '201607091408', '40288b854a329988014a329a12f30002', '系统管理员', '1', '全职', '', '1', '402888a855ce21490155ce3ebb7f0000', '402888a855ce21490155ce423ae50006', 1, 'NONE', '402888a855ce21490155ce423ae50006'),
	('201607091405', '201607091408', '40288b854a329988014a329a12f30002', '系统管理员', '1', '兼职', '', '2', '402888a855ce21490155ce3ebb7f0000', '402888a855ce21490155ce425f100007', 2, 'NONE', '402888a855ce21490155ce425f100007'),
	('201607091405', '201607091408', '40288b854a329988014a329a12f30002', '系统管理员', '1', '实习', '', '3', '402888a855ce21490155ce3ebb7f0000', '402888a855ce21490155ce4289370008', 3, 'NONE', '402888a855ce21490155ce4289370008'),
	('201607091406', '201607091406', '40288b854a329988014a329a12f30002', '40288b854a329988014a329a12f30002', '1', '金融业', '', '1', '402888a855ce21490155ce4062ef0002', '402888a855ce21490155ce4386860009', 1, 'NONE', '402888a855ce21490155ce4386860009'),
	('201607091406', '201607091407', '40288b854a329988014a329a12f30002', '系统管理员', '1', 'IT|通信|电子|互联网', '', '2', '402888a855ce21490155ce4062ef0002', '402888a855ce21490155ce43be05000a', 2, 'NONE', '402888a855ce21490155ce43be05000a'),
	('201607091406', '201607091406', '40288b854a329988014a329a12f30002', '系统管理员', '1', '政府|非盈利机构', '', '3', '402888a855ce21490155ce4062ef0002', '402888a855ce21490155ce43f6e6000b', 3, 'NONE', '402888a855ce21490155ce43f6e6000b'),
	('201607091407', '201607091407', '40288b854a329988014a329a12f30002', '40288b854a329988014a329a12f30002', '1', '交通|运输|物流|仓储', '', '4', '402888a855ce21490155ce4062ef0002', '402888a855ce21490155ce447d79000c', 4, 'NONE', '402888a855ce21490155ce447d79000c'),
	('201607091407', '201607091407', '40288b854a329988014a329a12f30002', '40288b854a329988014a329a12f30002', '1', '其它', '', '99', '402888a855ce21490155ce4062ef0002', '402888a855ce21490155ce44faac000d', 99, 'NONE', '402888a855ce21490155ce44faac000d'),
	('201607091409', '201607091409', '40288b854a329988014a329a12f30002', '40288b854a329988014a329a12f30002', '1', '开发', '', '1', '402888a855ce21490155ce402ec90001', '402888a855ce21490155ce4655fa000e', 1, 'NONE', '402888a855ce21490155ce4655fa000e'),
	('201607091409', '201607091409', '40288b854a329988014a329a12f30002', '系统管理员', '1', '测试', '', '2', '402888a855ce21490155ce402ec90001', '402888a855ce21490155ce466939000f', 2, 'NONE', '402888a855ce21490155ce466939000f'),
	('201607091409', '201607091409', '40288b854a329988014a329a12f30002', '系统管理员', '1', '项目经理', '', '4', '402888a855ce21490155ce402ec90001', '402888a855ce21490155ce4685650010', 4, 'NONE', '402888a855ce21490155ce4685650010'),
	('201607072032', '201607072032', '40288b854a329988014a329a12f30002', '40288b854a329988014a329a12f30002', '1', '男', '', '1', '402888ac55c54f310155c557c10f0000', '402888ac55c54f310155c5581bc10001', 1, 'NONE', '402888ac55c54f310155c5581bc10001'),
	('201607072032', '201607072032', '40288b854a329988014a329a12f30002', '40288b854a329988014a329a12f30002', '1', '女', '', '2', '402888ac55c54f310155c557c10f0000', '402888ac55c54f310155c55840860002', 2, 'NONE', '402888ac55c54f310155c55840860002'),
	('201607081649', '201607081649', '40288b854a329988014a329a12f30002', '40288b854a329988014a329a12f30002', '1', '有', '', '1', '402888ac55c9abb00155c9b1a65e0001', '402888ac55c9abb00155c9b224aa0003', 1, 'NONE', '402888ac55c9abb00155c9b224aa0003'),
	('201607081649', '201607081649', '40288b854a329988014a329a12f30002', '40288b854a329988014a329a12f30002', '1', '无', '', '2', '402888ac55c9abb00155c9b1a65e0001', '402888ac55c9abb00155c9b24e9b0004', 2, 'NONE', '402888ac55c9abb00155c9b24e9b0004'),
	('201607081649', '201607081649', '40288b854a329988014a329a12f30002', '40288b854a329988014a329a12f30002', '1', '中共党员(含预备党员)', '', '1', '402888ac55c9abb00155c9b1d83e0002', '402888ac55c9abb00155c9b2a65c0005', 1, 'NONE', '402888ac55c9abb00155c9b2a65c0005'),
	('201607081649', '201607081649', '40288b854a329988014a329a12f30002', '40288b854a329988014a329a12f30002', '1', '团员', '', '2', '402888ac55c9abb00155c9b1d83e0002', '402888ac55c9abb00155c9b2cb7a0006', 2, 'NONE', '402888ac55c9abb00155c9b2cb7a0006'),
	('201607081649', '201607081649', '40288b854a329988014a329a12f30002', '40288b854a329988014a329a12f30002', '1', '群众', '', '3', '402888ac55c9abb00155c9b1d83e0002', '402888ac55c9abb00155c9b2ea760007', 3, 'NONE', '402888ac55c9abb00155c9b2ea760007'),
	('201607081650', '201607081650', '40288b854a329988014a329a12f30002', '40288b854a329988014a329a12f30002', '1', '民主党派', '', '4', '402888ac55c9abb00155c9b1d83e0002', '402888ac55c9abb00155c9b308cb0008', 4, 'NONE', '402888ac55c9abb00155c9b308cb0008'),
	('201607081650', '201607081650', '40288b854a329988014a329a12f30002', '40288b854a329988014a329a12f30002', '1', '无党派人士', '', '5', '402888ac55c9abb00155c9b1d83e0002', '402888ac55c9abb00155c9b31ee50009', 5, 'NONE', '402888ac55c9abb00155c9b31ee50009'),
	('201607081650', '201607081650', '40288b854a329988014a329a12f30002', '40288b854a329988014a329a12f30002', '1', '未婚', '', '1', '402888ac55c9abb00155c9b11a730000', '402888ac55c9abb00155c9b3727c000a', 1, 'NONE', '402888ac55c9abb00155c9b3727c000a'),
	('201607081650', '201607081650', '40288b854a329988014a329a12f30002', '40288b854a329988014a329a12f30002', '1', '已婚', '', '2', '402888ac55c9abb00155c9b11a730000', '402888ac55c9abb00155c9b38991000b', 2, 'NONE', '402888ac55c9abb00155c9b38991000b'),
	('201607081650', '201607081650', '40288b854a329988014a329a12f30002', '40288b854a329988014a329a12f30002', '1', '离异', '', '3', '402888ac55c9abb00155c9b11a730000', '402888ac55c9abb00155c9b39d1e000c', 3, 'NONE', '402888ac55c9abb00155c9b39d1e000c'),
	('201607081658', '201607081658', '40288b854a329988014a329a12f30002', '40288b854a329988014a329a12f30002', '1', '中国', '', '1', '402888ac55c9abb00155c9ba602a000d', '402888ac55c9abb00155c9bb2246000e', 1, 'NONE', '402888ac55c9abb00155c9bb2246000e'),
	('201607081659', '201607081659', '40288b854a329988014a329a12f30002', '40288b854a329988014a329a12f30002', '1', '其它', '', '99', '402888ac55c9abb00155c9ba602a000d', '402888ac55c9abb00155c9bb5a380010', 99, 'NONE', '402888ac55c9abb00155c9bb5a380010'),
	('201607081703', '201607081703', '40288b854a329988014a329a12f30002', '40288b854a329988014a329a12f30002', '1', '驾照', '', '1', '402888ac55c9abb00155c9bec52b0011', '402888ac55c9abb00155c9bf2fe00012', 1, 'NONE', '402888ac55c9abb00155c9bf2fe00012'),
	('201607081703', '201607081703', '40288b854a329988014a329a12f30002', '40288b854a329988014a329a12f30002', '1', '其它', '', '99', '402888ac55c9abb00155c9bec52b0011', '402888ac55c9abb00155c9bf4c4d0013', 99, 'NONE', '402888ac55c9abb00155c9bf4c4d0013'),
	('201607091123', '201607111614', '40288b854a329988014a329a12f30002', '系统管理员', '1', '初中', '', '4', '402888ac55cd984d0155cdad81b30000', '402888ac55cd984d0155cdae2b170002', 4, 'NONE', '402888ac55cd984d0155cdae2b170002'),
	('201607091123', '201607111615', '40288b854a329988014a329a12f30002', '系统管理员', '1', '高中', '', '8', '402888ac55cd984d0155cdad81b30000', '402888ac55cd984d0155cdae47870003', 8, 'NONE', '402888ac55cd984d0155cdae47870003'),
	('201607091123', '201607111615', '40288b854a329988014a329a12f30002', '系统管理员', '1', '大专', '', '12', '402888ac55cd984d0155cdad81b30000', '402888ac55cd984d0155cdaece680004', 12, 'NONE', '402888ac55cd984d0155cdaece680004'),
	('201607091124', '201607111615', '40288b854a329988014a329a12f30002', '系统管理员', '1', '本科', '', '16', '402888ac55cd984d0155cdad81b30000', '402888ac55cd984d0155cdaee91f0005', 16, 'NONE', '402888ac55cd984d0155cdaee91f0005'),
	('201607091124', '201607091124', '40288b854a329988014a329a12f30002', '40288b854a329988014a329a12f30002', '1', '是', '', '1', '402888ac55cd984d0155cdadd46f0001', '402888ac55cd984d0155cdaf36510006', 1, 'NONE', '402888ac55cd984d0155cdaf36510006'),
	('201607091124', '201607091124', '40288b854a329988014a329a12f30002', '40288b854a329988014a329a12f30002', '1', '否', '', '2', '402888ac55cd984d0155cdadd46f0001', '402888ac55cd984d0155cdaf50df0007', 2, 'NONE', '402888ac55cd984d0155cdaf50df0007'),
	('201607091503', '201607091503', '40288b854a329988014a329a12f30002', '40288b854a329988014a329a12f30002', '1', '1000以下', '', '1', '402888ac55ce66e90155ce77871a0003', '402888ac55ce66e90155ce782f610004', 1, 'NONE', '402888ac55ce66e90155ce782f610004'),
	('201607091504', '201607091504', '40288b854a329988014a329a12f30002', '40288b854a329988014a329a12f30002', '1', '2000~3000', '', '2', '402888ac55ce66e90155ce77871a0003', '402888ac55ce66e90155ce785c810005', 2, 'NONE', '402888ac55ce66e90155ce785c810005'),
	('201607091504', '201607091504', '40288b854a329988014a329a12f30002', '40288b854a329988014a329a12f30002', '1', '3000~4000', '', '3', '402888ac55ce66e90155ce77871a0003', '402888ac55ce66e90155ce787e660006', 3, 'NONE', '402888ac55ce66e90155ce787e660006'),
	('201607091504', '201607091504', '40288b854a329988014a329a12f30002', '40288b854a329988014a329a12f30002', '1', '4000~5000', '', '4', '402888ac55ce66e90155ce77871a0003', '402888ac55ce66e90155ce78b94b0007', 4, 'NONE', '402888ac55ce66e90155ce78b94b0007'),
	('201607091504', '201607091504', '40288b854a329988014a329a12f30002', '40288b854a329988014a329a12f30002', '1', '5000~7000', '', '5', '402888ac55ce66e90155ce77871a0003', '402888ac55ce66e90155ce7901780008', 5, 'NONE', '402888ac55ce66e90155ce7901780008'),
	('201607091505', '201607091505', '40288b854a329988014a329a12f30002', '40288b854a329988014a329a12f30002', '1', '7000~9000', '', '7', '402888ac55ce66e90155ce77871a0003', '402888ac55ce66e90155ce799aaa0009', 7, 'NONE', '402888ac55ce66e90155ce799aaa0009'),
	('201607091505', '201607091505', '40288b854a329988014a329a12f30002', '40288b854a329988014a329a12f30002', '1', '10000~15000', '', '10', '402888ac55ce66e90155ce77871a0003', '402888ac55ce66e90155ce79cfb1000a', 10, 'NONE', '402888ac55ce66e90155ce79cfb1000a'),
	('201607091505', '201607091505', '40288b854a329988014a329a12f30002', '40288b854a329988014a329a12f30002', '1', '15000~以上', '', '15', '402888ac55ce66e90155ce77871a0003', '402888ac55ce66e90155ce7a22be000b', 15, 'NONE', '402888ac55ce66e90155ce7a22be000b'),
	('201607091506', '201607091506', '40288b854a329988014a329a12f30002', '40288b854a329988014a329a12f30002', '1', 'IT', '', '1', '402888ac55ce66e90155ce7702aa0000', '402888ac55ce66e90155ce7ae4ba000c', 1, 'NONE', '402888ac55ce66e90155ce7ae4ba000c'),
	('201607091507', '201607091507', '40288b854a329988014a329a12f30002', '40288b854a329988014a329a12f30002', '1', '房地产/建筑/建材/工程', '', '2', '402888ac55ce66e90155ce7702aa0000', '402888ac55ce66e90155ce7b2db1000d', 2, 'NONE', '402888ac55ce66e90155ce7b2db1000d'),
	('201607091507', '201607091507', '40288b854a329988014a329a12f30002', '40288b854a329988014a329a12f30002', '1', '耐用消费品（服饰/纺织/皮革/家具/家电）', '', '3', '402888ac55ce66e90155ce7702aa0000', '402888ac55ce66e90155ce7ba0c2000e', 3, 'NONE', '402888ac55ce66e90155ce7ba0c2000e'),
	('201607091507', '201607091507', '40288b854a329988014a329a12f30002', '40288b854a329988014a329a12f30002', '1', '医药/生物工程', '', '4', '402888ac55ce66e90155ce7702aa0000', '402888ac55ce66e90155ce7bcbb7000f', 4, 'NONE', '402888ac55ce66e90155ce7bcbb7000f'),
	('201607091508', '201607091508', '40288b854a329988014a329a12f30002', '40288b854a329988014a329a12f30002', '1', '广告/会展/公关', '', '5', '402888ac55ce66e90155ce7702aa0000', '402888ac55ce66e90155ce7c03ac0010', 5, 'NONE', '402888ac55ce66e90155ce7c03ac0010'),
	('201607091508', '201607091508', '40288b854a329988014a329a12f30002', '40288b854a329988014a329a12f30002', '1', '其它', '', '99', '402888ac55ce66e90155ce7702aa0000', '402888ac55ce66e90155ce7c2b450011', 99, 'NONE', '402888ac55ce66e90155ce7c2b450011'),
	('201607091508', '201607091509', '40288b854a329988014a329a12f30002', '系统管理员', '1', '国企|央企', '', '1', '402888ac55ce66e90155ce7736ed0001', '402888ac55ce66e90155ce7cd0df0012', 1, 'NONE', '402888ac55ce66e90155ce7cd0df0012'),
	('201607091509', '201607091509', '40288b854a329988014a329a12f30002', '40288b854a329988014a329a12f30002', '1', '私企', '', '2', '402888ac55ce66e90155ce7736ed0001', '402888ac55ce66e90155ce7cedec0013', 2, 'NONE', '402888ac55ce66e90155ce7cedec0013'),
	('201607091509', '201607091509', '40288b854a329988014a329a12f30002', '40288b854a329988014a329a12f30002', '1', '外企', '', '3', '402888ac55ce66e90155ce7736ed0001', '402888ac55ce66e90155ce7d0cb70014', 3, 'NONE', '402888ac55ce66e90155ce7d0cb70014'),
	('201607091509', '201607091509', '40288b854a329988014a329a12f30002', '40288b854a329988014a329a12f30002', '1', '其它', '', '99', '402888ac55ce66e90155ce7736ed0001', '402888ac55ce66e90155ce7d29d30015', 99, 'NONE', '402888ac55ce66e90155ce7d29d30015'),
	('201607091510', '201607091510', '40288b854a329988014a329a12f30002', '40288b854a329988014a329a12f30002', '1', '20人以下', '', '1', '402888ac55ce66e90155ce7761670002', '402888ac55ce66e90155ce7e0d600016', 1, 'NONE', '402888ac55ce66e90155ce7e0d600016'),
	('201607091510', '201607091510', '40288b854a329988014a329a12f30002', '40288b854a329988014a329a12f30002', '1', '20~100', '', '2', '402888ac55ce66e90155ce7761670002', '402888ac55ce66e90155ce7e86560017', 2, 'NONE', '402888ac55ce66e90155ce7e86560017'),
	('201607091510', '201607091510', '40288b854a329988014a329a12f30002', '40288b854a329988014a329a12f30002', '1', '100~500', '', '3', '402888ac55ce66e90155ce7761670002', '402888ac55ce66e90155ce7eab010018', 3, 'NONE', '402888ac55ce66e90155ce7eab010018'),
	('201607091511', '201607091511', '40288b854a329988014a329a12f30002', '40288b854a329988014a329a12f30002', '1', '500~1000', '', '4', '402888ac55ce66e90155ce7761670002', '402888ac55ce66e90155ce7ed1820019', 4, 'NONE', '402888ac55ce66e90155ce7ed1820019'),
	('201607091511', '201607091511', '40288b854a329988014a329a12f30002', '40288b854a329988014a329a12f30002', '1', '1000~5000', '', '5', '402888ac55ce66e90155ce7761670002', '402888ac55ce66e90155ce7f12b3001a', 5, 'NONE', '402888ac55ce66e90155ce7f12b3001a'),
	('201607091511', '201607091511', '40288b854a329988014a329a12f30002', '40288b854a329988014a329a12f30002', '1', '5000~10000', '', '6', '402888ac55ce66e90155ce7761670002', '402888ac55ce66e90155ce7f3891001b', 6, 'NONE', '402888ac55ce66e90155ce7f3891001b'),
	('201607091511', '201607091511', '40288b854a329988014a329a12f30002', '40288b854a329988014a329a12f30002', '1', '10000人以上', '', '7', '402888ac55ce66e90155ce7761670002', '402888ac55ce66e90155ce7f6e2d001c', 7, 'NONE', '402888ac55ce66e90155ce7f6e2d001c'),
	('201607101535', '201607101535', '40288b854a329988014a329a12f30002', '40288b854a329988014a329a12f30002', '1', '父母', '', '1', '402888ac55d3b5ef0155d3baf3ac0000', '402888ac55d3b5ef0155d3bb31b20001', 1, 'NONE', '402888ac55d3b5ef0155d3bb31b20001'),
	('201607101535', '201607101535', '40288b854a329988014a329a12f30002', '40288b854a329988014a329a12f30002', '1', '兄弟姐妹', '', '2', '402888ac55d3b5ef0155d3baf3ac0000', '402888ac55d3b5ef0155d3bb6ad90002', 2, 'NONE', '402888ac55d3b5ef0155d3bb6ad90002'),
	('201607101535', '201607101535', '40288b854a329988014a329a12f30002', '40288b854a329988014a329a12f30002', '1', '子女', '', '3', '402888ac55d3b5ef0155d3baf3ac0000', '402888ac55d3b5ef0155d3bb9db50003', 3, 'NONE', '402888ac55d3b5ef0155d3bb9db50003'),
	('201607101535', '201607101535', '40288b854a329988014a329a12f30002', '系统管理员', '1', '其他', '', '99', '402888ac55d3b5ef0155d3baf3ac0000', '402888ac55d3b5ef0155d3bbb90d0004', 99, 'NONE', '402888ac55d3b5ef0155d3bbb90d0004'),
	('201607111614', '201607111614', '40288b854a329988014a329a12f30002', '40288b854a329988014a329a12f30002', '1', '研究生', '', '5', '402888ac55cd984d0155cdad81b30000', '402888ac55d8bcbe0155d90576510002', 5, 'NONE', '402888ac55d8bcbe0155d90576510002'),
	('201607111614', '201607111614', '40288b854a329988014a329a12f30002', '40288b854a329988014a329a12f30002', '1', '博士生', '', '20', '402888ac55cd984d0155cdad81b30000', '402888ac55d8bcbe0155d905cfb50003', 20, 'NONE', '402888ac55d8bcbe0155d905cfb50003'),
	('201410301617', '201410301617', '12312323123123', '12312323123123', '1', '前台', '', 'HOME', '402894ca49600f600149602141820000', '402894ca49600f6001496021a7020001', 1, 'NONE', '402894ca49600f6001496021a7020001'),
	('201501121545', '201501121545', '40288b854a329988014a329a12f30002', '40288b854a329988014a329a12f30002', '1', '日程', '', '日程', '402894ca4add11f6014add1ad9cd000e', '402894ca4add11f6014add1b1c25000f', 1, 'NONE', '402894ca4add11f6014add1b1c25000f'),
	('201501121545', '201501121545', '40288b854a329988014a329a12f30002', '40288b854a329988014a329a12f30002', '1', '错误修复', '', '错误修复', '402894ca4add11f6014add1ad9cd000e', '402894ca4add11f6014add1b42c80010', 2, 'NONE', '402894ca4add11f6014add1b42c80010');
/*!40000 ALTER TABLE `alone_dictionary_type` ENABLE KEYS */;

-- 导出  表 wlp.alone_parameter 结构
CREATE TABLE IF NOT EXISTS `alone_parameter` (
  `ID` varchar(32) NOT NULL,
  `CTIME` varchar(12) NOT NULL,
  `UTIME` varchar(12) NOT NULL,
  `CUSER` varchar(32) NOT NULL,
  `MUSER` varchar(32) NOT NULL,
  `NAME` varchar(128) NOT NULL,
  `STATE` char(1) NOT NULL,
  `PKEY` varchar(64) NOT NULL,
  `PVALUE` varchar(2048) NOT NULL,
  `RULES` varchar(256) DEFAULT NULL,
  `DOMAIN` varchar(64) DEFAULT NULL,
  `COMMENTS` varchar(256) DEFAULT NULL,
  `VTYPE` char(1) NOT NULL COMMENT ' 文本：1 枚举：2',
  `USERABLE` varchar(1) NOT NULL COMMENT '0否，1是',
  PRIMARY KEY (`ID`)
) ENGINE=MyISAM DEFAULT CHARSET=utf8 COMMENT='InnoDB free: 12288 kB; InnoDB free: 12288 kB alone_parameter';

-- 正在导出表  wlp.alone_parameter 的数据：0 rows
/*!40000 ALTER TABLE `alone_parameter` DISABLE KEYS */;
/*!40000 ALTER TABLE `alone_parameter` ENABLE KEYS */;

-- 导出  表 wlp.alone_parameter_local 结构
CREATE TABLE IF NOT EXISTS `alone_parameter_local` (
  `ID` varchar(32) NOT NULL,
  `PARAMETERID` varchar(32) NOT NULL,
  `EUSER` varchar(32) NOT NULL,
  `PVALUE` varchar(2048) NOT NULL,
  PRIMARY KEY (`ID`),
  KEY `FK_Reference_50` (`PARAMETERID`)
) ENGINE=MyISAM DEFAULT CHARSET=utf8;

-- 正在导出表  wlp.alone_parameter_local 的数据：0 rows
/*!40000 ALTER TABLE `alone_parameter_local` DISABLE KEYS */;
/*!40000 ALTER TABLE `alone_parameter_local` ENABLE KEYS */;

-- 导出  表 wlp.farm_qz_scheduler 结构
CREATE TABLE IF NOT EXISTS `farm_qz_scheduler` (
  `ID` varchar(32) NOT NULL,
  `AUTOIS` varchar(2) NOT NULL,
  `CTIME` varchar(16) NOT NULL,
  `ETIME` varchar(16) NOT NULL,
  `CUSERNAME` varchar(64) NOT NULL,
  `CUSER` varchar(32) NOT NULL,
  `EUSERNAME` varchar(64) NOT NULL,
  `EUSER` varchar(32) NOT NULL,
  `PSTATE` varchar(2) NOT NULL,
  `PCONTENT` varchar(128) DEFAULT NULL,
  `TASKID` varchar(32) NOT NULL,
  `TRIGGERID` varchar(32) NOT NULL,
  PRIMARY KEY (`ID`),
  KEY `FK_Reference_18` (`TASKID`),
  KEY `FK_Reference_19` (`TRIGGERID`),
  CONSTRAINT `FK_Reference_18` FOREIGN KEY (`TASKID`) REFERENCES `farm_qz_task` (`ID`),
  CONSTRAINT `FK_Reference_19` FOREIGN KEY (`TRIGGERID`) REFERENCES `farm_qz_trigger` (`ID`)
) ENGINE=InnoDB DEFAULT CHARSET=utf8;

-- 正在导出表  wlp.farm_qz_scheduler 的数据：~0 rows (大约)
/*!40000 ALTER TABLE `farm_qz_scheduler` DISABLE KEYS */;
/*!40000 ALTER TABLE `farm_qz_scheduler` ENABLE KEYS */;

-- 导出  表 wlp.farm_qz_task 结构
CREATE TABLE IF NOT EXISTS `farm_qz_task` (
  `ID` varchar(32) NOT NULL,
  `CTIME` varchar(16) NOT NULL,
  `ETIME` varchar(16) NOT NULL,
  `CUSERNAME` varchar(64) NOT NULL,
  `CUSER` varchar(32) NOT NULL,
  `EUSERNAME` varchar(64) NOT NULL,
  `EUSER` varchar(32) NOT NULL,
  `PSTATE` varchar(2) NOT NULL,
  `PCONTENT` varchar(128) DEFAULT NULL,
  `JOBCLASS` varchar(128) NOT NULL,
  `NAME` varchar(128) NOT NULL,
  `JOBPARAS` varchar(1024) DEFAULT NULL,
  `JOBKEY` varchar(128) NOT NULL,
  PRIMARY KEY (`ID`)
) ENGINE=InnoDB DEFAULT CHARSET=utf8;

-- 正在导出表  wlp.farm_qz_task 的数据：~0 rows (大约)
/*!40000 ALTER TABLE `farm_qz_task` DISABLE KEYS */;
/*!40000 ALTER TABLE `farm_qz_task` ENABLE KEYS */;

-- 导出  表 wlp.farm_qz_trigger 结构
CREATE TABLE IF NOT EXISTS `farm_qz_trigger` (
  `ID` varchar(32) NOT NULL,
  `CTIME` varchar(16) NOT NULL,
  `ETIME` varchar(16) NOT NULL,
  `CUSERNAME` varchar(64) NOT NULL,
  `CUSER` varchar(32) NOT NULL,
  `EUSERNAME` varchar(64) NOT NULL,
  `EUSER` varchar(32) NOT NULL,
  `PSTATE` varchar(2) NOT NULL,
  `PCONTENT` varchar(128) DEFAULT NULL,
  `DESCRIPT` varchar(128) NOT NULL,
  `NAME` varchar(128) NOT NULL,
  PRIMARY KEY (`ID`)
) ENGINE=InnoDB DEFAULT CHARSET=utf8;

-- 正在导出表  wlp.farm_qz_trigger 的数据：~1 rows (大约)
/*!40000 ALTER TABLE `farm_qz_trigger` DISABLE KEYS */;
INSERT INTO `farm_qz_trigger` (`ID`, `CTIME`, `ETIME`, `CUSERNAME`, `CUSER`, `EUSERNAME`, `EUSER`, `PSTATE`, `PCONTENT`, `DESCRIPT`, `NAME`) VALUES
	('4028b8816d728048016d72bcd34c0098', '20190927204040', '20190927204040', '系统管理员', '40288b854a329988014a329a12f30002', '系统管理员', '40288b854a329988014a329a12f30002', '1', '', '1 1 2 * * ? *', '每日1分1秒');
/*!40000 ALTER TABLE `farm_qz_trigger` ENABLE KEYS */;

-- 导出  表 wlp.wcp_qanswer 结构
CREATE TABLE IF NOT EXISTS `wcp_qanswer` (
  `ID` varchar(32) NOT NULL,
  `CTIME` varchar(16) NOT NULL,
  `CUSERNAME` varchar(64) NOT NULL,
  `CUSER` varchar(32) NOT NULL,
  `PSTATE` varchar(2) NOT NULL,
  `PCONTENT` varchar(128) DEFAULT NULL,
  `QUESTIONID` varchar(32) NOT NULL,
  `DESCRIPTION` text NOT NULL,
  `ADOPTTIME` varchar(32) DEFAULT NULL,
  `ANSWERINGNUM` int(11) NOT NULL,
  `PRAISENO` int(11) NOT NULL,
  `PRAISEYES` int(10) unsigned NOT NULL DEFAULT '0',
  `ANONYMOUS` varchar(1) NOT NULL,
  PRIMARY KEY (`ID`),
  KEY `FK_Reference_46` (`QUESTIONID`) USING BTREE
) ENGINE=MyISAM DEFAULT CHARSET=utf8 ROW_FORMAT=DYNAMIC;

-- 正在导出表  wlp.wcp_qanswer 的数据：28 rows
/*!40000 ALTER TABLE `wcp_qanswer` DISABLE KEYS */;
INSERT INTO `wcp_qanswer` (`ID`, `CTIME`, `CUSERNAME`, `CUSER`, `PSTATE`, `PCONTENT`, `QUESTIONID`, `DESCRIPTION`, `ADOPTTIME`, `ANSWERINGNUM`, `PRAISENO`, `PRAISEYES`, `ANONYMOUS`) VALUES
	('4028b8816d04752a016d047850420009', '20190906104736', '系统管理员', '40288b854a329988014a329a12f30002', '0', NULL, '4028b8816d04752a016d04780acd0004', 'asdf', NULL, 0, 0, 0, '0'),
	('4028b8816d04752a016d0478ca22000f', '20190906104807', '系统管理员', '40288b854a329988014a329a12f30002', '0', NULL, '4028b8816d04752a016d04780acd0004', 'asdfsadf', NULL, 0, 0, 0, '0'),
	('4028b8816d04752a016d047951d80013', '20190906104842', '系统管理员', '40288b854a329988014a329a12f30002', '0', NULL, '4028b8816d04752a016d04780acd0004', 'asdf', NULL, 0, 0, 0, '0'),
	('4028b8816d2b3ed5016d2b4272b9002b', '20190913233358', '系统管理员', '40288b854a329988014a329a12f30002', '1', NULL, '4028b8816d2b3ed5016d2b424dbb0027', '阿萨德发生', NULL, 0, 0, 0, '0'),
	('4028b8816d2b3ed5016d2b42b08d0032', '20190913233413', '系统管理员', '40288b854a329988014a329a12f30002', '1', NULL, '4028b8816d2b3ed5016d2b424dbb0027', '撒打发', NULL, 0, 0, 0, '0'),
	('4028b8816d70c88d016d70cad6cd001c', '20190927113644', '系统管理员', '40288b854a329988014a329a12f30002', '2', NULL, '4028b8816d70c88d016d70ca8cef0015', 'asdfasdf', NULL, 0, 0, 0, '0'),
	('402881e66e83238a016e83487a6c000d', '20191119184955', '系统管理员', '40288b854a329988014a329a12f30002', '1', NULL, '402881e66e82e08c016e82e1adff0001', '啊手動閥手動閥', NULL, 0, 0, 0, '0'),
	('402881e66e83a86e016e83aaf2630004', '20191119203728', '系统管理员', '40288b854a329988014a329a12f30002', '1', NULL, '402881e66e83238a016e834b4e0f001a', '阿大撒法是', NULL, 0, 0, 0, '0'),
	('402881e66e83d5ea016e83d893520007', '20191119212719', 'guest', '402881e66e83238a016e834a024a0012', '1', NULL, '402881e66e83b94a016e83be3a0a0018', '啊手动阀手动阀', NULL, 1, 0, 0, '0'),
	('402881e66e83d5ea016e83da3d520012', '20191119212908', 'guest', '402881e66e83238a016e834a024a0012', '1', NULL, '402881e66e83b94a016e83be3a0a0018', '啊手动阀', NULL, 0, 0, 0, '0'),
	('402881e66e83f76f016e83f818bf0003', '20191119220144', '系统管理员', '40288b854a329988014a329a12f30002', '2', NULL, '402880e76e1078d0016e10c00ce10047', '阿斯蒂芬撒地方', NULL, 0, 0, 0, '0'),
	('402881e66e83f76f016e83f9a14b0009', '20191119220325', '系统管理员', '40288b854a329988014a329a12f30002', '2', NULL, '402881e66e83b94a016e83bcd5b50006', '啊手动阀手动阀', NULL, 2, 0, 1, '0'),
	('402881e66e83f76f016e83fa179b000e', '20191119220355', '系统管理员', '40288b854a329988014a329a12f30002', '1', NULL, '402881e66e83b6db016e83b8f9260001', '撒旦发射点发', NULL, 0, 0, 0, '0'),
	('402881e66e83f76f016e83fac0540015', '20191119220438', '系统管理员', '40288b854a329988014a329a12f30002', '1', NULL, '402881e66e83238a016e834b4e0f001a', '阿斯蒂芬撒地方', NULL, 0, 0, 0, '0'),
	('402881e66e84053f016e8405ed180003', '20191119221651', '系统管理员', '40288b854a329988014a329a12f30002', '1', NULL, '402881e66e82e08c016e82e1adff0001', '啊师傅大是大非', NULL, 0, 0, 0, '0'),
	('402881e66e84053f016e840634c90009', '20191119221709', '系统管理员', '40288b854a329988014a329a12f30002', '1', NULL, '402881e66e82e08c016e82e1adff0001', '啊手动阀', NULL, 0, 0, 0, '0'),
	('402881e66e84053f016e84065054000d', '20191119221716', '系统管理员', '40288b854a329988014a329a12f30002', '1', NULL, '402881e66e82e08c016e82e1adff0001', '啊手动阀手动阀', NULL, 0, 0, 0, '1'),
	('402881e66e84053f016e840aee49001e', '20191119222219', '系统管理员', '40288b854a329988014a329a12f30002', '2', NULL, '402880e76e1078d0016e10c054a0004b', '阿萨德发生', NULL, 0, 0, 0, '0'),
	('402881e66e84053f016e840c05230029', '20191119222330', 'guest', '402881e66e83238a016e834a024a0012', '2', NULL, '402881e66e7df64d016e7e027f2a0001', '撒旦发生 ', NULL, 0, 0, 0, '0'),
	('402881e66e842b59016e842cc58c000a', '20191119225917', '系统管理员', '40288b854a329988014a329a12f30002', '1', NULL, '402881e66e842b59016e842c7beb0001', '阿萨夫撒旦', NULL, 1, 0, 0, '0'),
	('402881e66e876d4b016e877109570007', '20191120141242', '鲁玥', 'bbee57336ac528f8016ad519192e0991', '1', NULL, '402880e76e1078d0016e10c054a0004b', '撒旦發順豐', NULL, 0, 0, 0, '0'),
	('402881e66e8794bd016e87a7c4eb0019', '20191120151229', '系统管理员', '40288b854a329988014a329a12f30002', '1', NULL, '402881e66e8794bd016e87a66ceb000c', '撒地方', NULL, 0, 0, 0, '0'),
	('402881e66e89ab20016e89ae05880005', '20191121003833', '系统管理员', '40288b854a329988014a329a12f30002', '1', NULL, '402881e66e83b94a016e83bdad64000e', '撒旦发射点发', NULL, 0, 0, 0, '0'),
	('402881e66e8cfb5e016e8d4f2e5c001d', '20191121173327', 'guest', '402881e66e83238a016e834a024a0012', '1', NULL, '402881e66e8cfb5e016e8d360c89000b', '啊手动阀手动阀', NULL, 0, 0, 0, '0'),
	('402881e66e8cfb5e016e8d5036a90028', '20191121173434', '尹陆', 'bbee57336ac528f8016ad519196c09cc', '1', NULL, '402881e66e8cfb5e016e8d360c89000b', '阿斯顿发顺丰', NULL, 1, 0, 0, '0'),
	('402881e66e8cfb5e016e8d5bd40a002c', '20191121174715', '尹陆', 'bbee57336ac528f8016ad519196c09cc', '1', NULL, '402881e66e8cfb5e016e8d360c89000b', '<p>  阿斯蒂芬撒 </p>\n<p>  啊手动阀手动阀 </p>\n<p>  阿斯顿发大水发 </p>\n<p>  啊手动阀手动阀 </p>', NULL, 0, 0, 0, '0'),
	('402881e66e8cfb5e016e8d5f7b7b0035', '20191121175115', '尹陆', 'bbee57336ac528f8016ad519196c09cc', '1', NULL, '402881e66e8cfb5e016e8d360c89000b', '<p>  撒旦发射点发 </p>\n<p>  啊手动阀手动阀 </p>\n<p>  啊沙发沙发 </p>\n<p>  啊士大夫萨芬 </p>', NULL, 0, 0, 0, '0'),
	('402881e66e8e1d6e016e8e2836a20019', '20191121213030', '系统管理员', '40288b854a329988014a329a12f30002', '1', NULL, '402881e66e8e1d6e016e8e271c970009', '撒打发', NULL, 0, 0, 0, '0');
/*!40000 ALTER TABLE `wcp_qanswer` ENABLE KEYS */;

-- 导出  表 wlp.wcp_qanswer_comment 结构
CREATE TABLE IF NOT EXISTS `wcp_qanswer_comment` (
  `ID` varchar(32) NOT NULL,
  `CTIME` varchar(16) NOT NULL,
  `CUSERNAME` varchar(64) NOT NULL,
  `CUSER` varchar(32) NOT NULL,
  `PSTATE` varchar(2) NOT NULL,
  `DESCRIPTION` text NOT NULL,
  `ANSWERID` varchar(32) NOT NULL,
  PRIMARY KEY (`ID`),
  KEY `FK_QA6` (`ANSWERID`) USING BTREE
) ENGINE=MyISAM DEFAULT CHARSET=utf8 ROW_FORMAT=DYNAMIC;

-- 正在导出表  wlp.wcp_qanswer_comment 的数据：5 rows
/*!40000 ALTER TABLE `wcp_qanswer_comment` DISABLE KEYS */;
INSERT INTO `wcp_qanswer_comment` (`ID`, `CTIME`, `CUSERNAME`, `CUSER`, `PSTATE`, `DESCRIPTION`, `ANSWERID`) VALUES
	('402881e66e83d5ea016e83d8a315000b', '20191119212723', 'guest', '402881e66e83238a016e834a024a0012', '1', '阿斯顿发顺丰', '402881e66e83d5ea016e83d893520007'),
	('402881e66e84053f016e840e93d50034', '20191119222618', 'guest', '402881e66e83238a016e834a024a0012', '1', '阿斯顿发顺丰', '402881e66e83f76f016e83f9a14b0009'),
	('402881e66e84053f016e840eba510038', '20191119222628', 'guest', '402881e66e83238a016e834a024a0012', '1', '阿斯顿发顺丰', '402881e66e83f76f016e83f9a14b0009'),
	('402881e66e842b59016e842e539d001a', '20191119230058', '系统管理员', '40288b854a329988014a329a12f30002', '1', '啊手动阀十分大', '402881e66e842b59016e842cc58c000a'),
	('402881e66e8cfb5e016e8d64846e0039', '20191121175645', '尹陆', 'bbee57336ac528f8016ad519196c09cc', '1', '春眠不觉晓，储除', '402881e66e8cfb5e016e8d5036a90028');
/*!40000 ALTER TABLE `wcp_qanswer_comment` ENABLE KEYS */;

-- 导出  表 wlp.wcp_qanswer_detail 结构
CREATE TABLE IF NOT EXISTS `wcp_qanswer_detail` (
  `ID` varchar(32) NOT NULL,
  `CTIME` varchar(16) NOT NULL,
  `CUSERNAME` varchar(64) DEFAULT NULL,
  `CUSER` varchar(32) DEFAULT NULL,
  `PSTATE` varchar(2) NOT NULL,
  `VTYPE` varchar(2) NOT NULL COMMENT '2好评、3差评',
  `USERIP` varchar(128) NOT NULL,
  `ANSWERID` varchar(32) NOT NULL,
  PRIMARY KEY (`ID`),
  KEY `FK_QA4` (`ANSWERID`) USING BTREE
) ENGINE=MyISAM DEFAULT CHARSET=utf8 ROW_FORMAT=DYNAMIC;

-- 正在导出表  wlp.wcp_qanswer_detail 的数据：0 rows
/*!40000 ALTER TABLE `wcp_qanswer_detail` DISABLE KEYS */;
/*!40000 ALTER TABLE `wcp_qanswer_detail` ENABLE KEYS */;

-- 导出  表 wlp.wcp_qanswer_plus 结构
CREATE TABLE IF NOT EXISTS `wcp_qanswer_plus` (
  `ID` varchar(32) NOT NULL,
  `ANSWERID` varchar(32) NOT NULL,
  `DESCRIPTION` text NOT NULL,
  `CTIME` varchar(14) NOT NULL,
  PRIMARY KEY (`ID`),
  KEY `FK_QA5` (`ANSWERID`) USING BTREE
) ENGINE=MyISAM DEFAULT CHARSET=utf8 ROW_FORMAT=DYNAMIC;

-- 正在导出表  wlp.wcp_qanswer_plus 的数据：0 rows
/*!40000 ALTER TABLE `wcp_qanswer_plus` DISABLE KEYS */;
/*!40000 ALTER TABLE `wcp_qanswer_plus` ENABLE KEYS */;

-- 导出  表 wlp.wcp_question 结构
CREATE TABLE IF NOT EXISTS `wcp_question` (
  `ID` varchar(32) NOT NULL,
  `CTIME` varchar(16) NOT NULL,
  `CUSERNAME` varchar(64) NOT NULL,
  `CUSER` varchar(32) NOT NULL,
  `PSTATE` varchar(2) NOT NULL,
  `PCONTENT` varchar(128) DEFAULT NULL,
  `TAGS` varchar(256) DEFAULT NULL,
  `TYPEID` varchar(32) DEFAULT NULL,
  `PRICE` int(10) unsigned NOT NULL DEFAULT '0',
  `TITLE` varchar(64) NOT NULL,
  `DESCRIPTION` text NOT NULL,
  `PUBTIME` varchar(16) NOT NULL DEFAULT '0',
  `ENDTIME` varchar(16) DEFAULT '0',
  `ANONYMOUS` varchar(2) NOT NULL DEFAULT '0' COMMENT '1匿名0实名',
  `ANSWERS` int(10) unsigned NOT NULL DEFAULT '0',
  `ATTENTIONS` int(11) NOT NULL DEFAULT '0',
  `PRAISENO` int(11) NOT NULL,
  `PRAISEYES` int(10) unsigned NOT NULL DEFAULT '0',
  `VISITNUM` int(10) unsigned NOT NULL DEFAULT '0',
  `ANSWERINGNUM` int(11) NOT NULL,
  `SHORTDESC` varchar(256) NOT NULL,
  `IMGID` varchar(32) DEFAULT NULL,
  `HOTNUM` int(11) NOT NULL,
  `ETIME` varchar(16) NOT NULL,
  `QANSWERID` varchar(32) DEFAULT NULL,
  `LASTVTIME` varchar(12) NOT NULL,
  PRIMARY KEY (`ID`)
) ENGINE=MyISAM DEFAULT CHARSET=utf8 ROW_FORMAT=DYNAMIC;

-- 正在导出表  wlp.wcp_question 的数据：26 rows
/*!40000 ALTER TABLE `wcp_question` DISABLE KEYS */;
INSERT INTO `wcp_question` (`ID`, `CTIME`, `CUSERNAME`, `CUSER`, `PSTATE`, `PCONTENT`, `TAGS`, `TYPEID`, `PRICE`, `TITLE`, `DESCRIPTION`, `PUBTIME`, `ENDTIME`, `ANONYMOUS`, `ANSWERS`, `ATTENTIONS`, `PRAISENO`, `PRAISEYES`, `VISITNUM`, `ANSWERINGNUM`, `SHORTDESC`, `IMGID`, `HOTNUM`, `ETIME`, `QANSWERID`, `LASTVTIME`) VALUES
	('4028b8816d04752a016d04780acd0004', '20190906104718', '系统管理员', '40288b854a329988014a329a12f30002', '0', NULL, NULL, '2c902a8d67085e6601674e3045bb0d7d', 0, 'sadf', 'asdf', '20190906104718', NULL, '0', 1, 0, 0, 0, 2, 0, 'asdf', NULL, 10, '20190906104718', NULL, '201909111538'),
	('4028b8816d2b3ed5016d2b424dbb0027', '20190913233348', '系统管理员', '40288b854a329988014a329a12f30002', '0', NULL, NULL, '2c902a8d67085e6601674e2fdd0e0d7b', 2, '啊手动阀', '啊手动阀', '20190913233348', NULL, '1', 2, 0, 0, 0, 3, 0, '啊手动阀', NULL, 33, '20190913233348', NULL, '201911201140'),
	('4028b8816d70c88d016d70ca8cef0015', '20190927113625', '系统管理员', '40288b854a329988014a329a12f30002', '0', NULL, NULL, '2c902a8d67085e6601674e3045bb0d7d', 0, 'asdfsadf', 'asdfsadf', '20190927113625', NULL, '0', 1, 0, 0, 0, 4, 0, 'asdfsadf', NULL, 28, '20190927113625', '4028b8816d70c88d016d70cad6cd001c', '201911192058'),
	('402880e76e1078d0016e10c00ce10047', '20191028130412', '系统管理员', '40288b854a329988014a329a12f30002', '0', NULL, NULL, '4028b8816d70be5c016d70bfe4030002', 0, '撒地方撒旦知识', '撒打发', '20191028130412', NULL, '0', 1, 0, 0, 0, 7, 0, '撒打发', NULL, 10, '20191028130412', '402881e66e83f76f016e83f818bf0003', '202001151300'),
	('402880e76e1078d0016e10c054a0004b', '20191028130430', '系统管理员', '40288b854a329988014a329a12f30002', '0', NULL, NULL, '4028b8816d70be5c016d70bfe4030002', 0, '撒地方撒旦飞洒1111111', '知识', '20191028130430', NULL, '0', 2, 0, 0, 0, 7, 0, '知识', NULL, 23, '20191028130430', '402881e66e84053f016e840aee49001e', '201911212055'),
	('402881e66e7df64d016e7e027f2a0001', '20191118181523', '系统管理员', '40288b854a329988014a329a12f30002', '0', NULL, NULL, '4028b8816d70be5c016d70bfe4030002', 0, '啊手動閥手動閥', '撒旦發射點發', '20191118181523', NULL, '0', 1, 0, 0, 0, 6, 0, '撒旦發射點發', NULL, 10, '20191118181523', '402881e66e84053f016e840c05230029', '202001151300'),
	('402881e66e8245dc016e82874fd90008', '20191119151856', '系统管理员', '40288b854a329988014a329a12f30002', '0', NULL, NULL, '402881e66e6e9d17016e6eee2d71000a', 0, '阿迪斯发士大夫', '啊手动阀', '20191119151856', NULL, '1', 0, 0, 0, 0, 7, 0, '啊手动阀', NULL, 10, '20191119151856', NULL, '202001151300'),
	('402881e66e82e08c016e82e1adff0001', '20191119165738', '系统管理员', '40288b854a329988014a329a12f30002', '0', NULL, NULL, '402881e66e6e9d17016e6eee2daa000c', 0, '百度翻译,您的掌上翻译专家', '百度翻译,您的掌上翻译专家', '20191119165738', NULL, '0', 4, 0, 0, 0, 11, 0, '百度翻译,您的掌上翻译专家', NULL, 10, '20191119165738', NULL, '202001151300'),
	('402881e66e83238a016e834b4e0f001a', '20191119185300', 'guest', '402881e66e83238a016e834a024a0012', '0', NULL, NULL, '2c902a8d67085e6601674e3045bb0d7d', 0, '匿名提问将会在展示时隐藏用户姓名', '匿名提问将会在展示时隐藏用户姓名', '20191119185300', NULL, '0', 2, 0, 0, 0, 8, 0, '匿名提问将会在展示时隐藏用户姓名', NULL, 13, '20191119185300', NULL, '201911212055'),
	('402881e66e83b6db016e83b8f9260001', '20191119205248', 'guest', '402881e66e83238a016e834a024a0012', '0', NULL, NULL, '402881e66e6e9d17016e6eee2d94000b', 0, '邀请管理员回答', '邀请管理员回答', '20191119205248', NULL, '1', 1, 0, 0, 0, 8, 0, '邀请管理员回答', NULL, 19, '20191119205248', NULL, '202001151430'),
	('402881e66e83b94a016e83bbe54c0002', '20191119205559', 'guest', '402881e66e83238a016e834a024a0012', '0', NULL, NULL, '402881e66e6e9d17016e6eee2d94000b', 0, '邀请管理员回答', '邀请管理员回答', '20191119205559', NULL, '1', 0, 0, 0, 0, 1, 0, '邀请管理员回答', NULL, 10, '20191119205559', NULL, '201911202039'),
	('402881e66e83b94a016e83bcd5b50006', '20191119205701', 'guest', '402881e66e83238a016e834a024a0012', '0', NULL, NULL, '402881e66e6e9d17016e6eee2d94000b', 0, '邀请管理员回答', '邀请管理员回答', '20191119205701', NULL, '1', 1, 0, 0, 0, 6, 0, '邀请管理员回答', NULL, 12, '20191119205701', '402881e66e83f76f016e83f9a14b0009', '201911212054'),
	('402881e66e83b94a016e83bdad64000e', '20191119205756', 'guest', '402881e66e83238a016e834a024a0012', '0', NULL, NULL, '402881e66e6e9d17016e6eee2daa000c', 0, '啊手动阀手动阀', '啊手动阀手动阀', '20191119205756', NULL, '0', 1, 0, 0, 0, 5, 0, '啊手动阀手动阀', NULL, 10, '20191119205756', NULL, '202001151417'),
	('402881e66e83b94a016e83bdde5c0013', '20191119205808', 'guest', '402881e66e83238a016e834a024a0012', '0', NULL, '', '402881e66e6e9d17016e6eee2f270019', 0, '阿斯蒂芬撒旦发放的', '啊手动阀', '20191119205808', NULL, '0', 0, 0, 0, 0, 3, 0, '啊手动阀', '', 26, '20191119205808', NULL, '201911201420'),
	('402881e66e83b94a016e83be3a0a0018', '20191119205832', 'guest', '402881e66e83238a016e834a024a0012', '0', NULL, NULL, '402881e66e6e9d17016e6eee2e550011', 0, '支持v自行车v这些', '支持v自行车v这些', '20191119205832', NULL, '0', 2, 0, 0, 0, 6, 0, '支持v自行车v这些', NULL, 23, '20191119205832', NULL, '201911210054'),
	('402881e66e83d5ea016e83dbd262001a', '20191119213051', '系统管理员', '40288b854a329988014a329a12f30002', '0', NULL, NULL, '402881e66e6e9d17016e6eee2e550011', 0, '啊士大夫大师傅', '啊士大夫大师傅', '20191119213051', NULL, '1', 0, 0, 0, 0, 4, 0, '啊士大夫大师傅', NULL, 41, '20191119213051', NULL, '201911202103'),
	('402881e66e842b59016e842c7beb0001', '20191119225858', '系统管理员', '40288b854a329988014a329a12f30002', '0', NULL, '', '402881e66e6e9d17016e6eee08580003', 0, '测试专家问答通知', '测试专家问答通知', '20191119225858', NULL, '0', 1, 0, 0, 0, 5, 0, '测试专家问答通知', '', 19, '20191119225858', NULL, '202001151417'),
	('402881e66e8794bd016e87a66ceb000c', '20191120151101', 'guest', '402881e66e83238a016e834a024a0012', '0', NULL, NULL, '402881e66e6e9d17016e6eee2daa000c', 0, '測試一下流程', '測試一下流程', '20191120151101', NULL, '1', 1, 0, 0, 0, 5, 0, '測試一下流程', NULL, 19, '20191120151101', NULL, '202001151417'),
	('402881e66e8cfb5e016e8d32d8450002', '20191121170229', '系统管理员', '40288b854a329988014a329a12f30002', '0', NULL, NULL, '402881e66e6e9d17016e6eee2d71000a', 0, 'asdfasdf', 'asdfasdf', '20191121170229', NULL, '0', 0, 0, 0, 0, 1, 0, 'asdfasdf', NULL, 10, '20191121170229', NULL, '201911211702'),
	('402881e66e8cfb5e016e8d360c89000b', '20191121170559', '系统管理员', '40288b854a329988014a329a12f30002', '0', NULL, NULL, '402880e95c2fdd9b015c2fe14d0c0003', 0, '测试权限', '测试权限', '20191121170559', NULL, '0', 4, 0, 0, 0, 4, 0, '测试权限', NULL, 10, '20191121170559', NULL, '202001151259'),
	('402881e66e8e1d6e016e8e271c970009', '20191121212918', '系统管理员', '40288b854a329988014a329a12f30002', '0', NULL, NULL, '402881e66e6e9d17016e6eee2d71000a', 0, '安达市发生发', '啊手动阀', '20191121212918', NULL, '0', 1, 0, 0, 0, 2, 0, '啊手动阀', NULL, 10, '20191121212918', NULL, '202001151416'),
	('402880e86ea1cf23016ea1d53b900001', '20191125171216', '系统管理员', '40288b854a329988014a329a12f30002', '0', NULL, NULL, '4028b8816d70be5c016d70bfe4030002', 0, '啊手动阀手动阀', '啊手动阀', '20191125171216', NULL, '0', 0, 0, 0, 0, 1, 0, '啊手动阀', NULL, 10, '20191125171216', NULL, '201911251712'),
	('402881e66ef45dbf016ef4664d390061', '20191211175935', '系统管理员', '40288b854a329988014a329a12f30002', '0', NULL, NULL, '2c909b2b6cfc8aeb016d14eded89196e', 0, 'DSAFSADF', 'FSAFDSAF', '20191211175935', NULL, '0', 0, 0, 0, 0, 4, 0, 'FSAFDSAF', NULL, 40, '20191211175935', NULL, '202001151341'),
	('402881ec6fa79056016fa79152ae0001', '20200115125836', '系统管理员', '40288b854a329988014a329a12f30002', '0', NULL, NULL, '2c909b2b6a436043016a44857554038e', 0, 'asdfasdf隱藏', 'asdfasdf', '20200115125836', NULL, '0', 0, 0, 0, 0, 1, 0, 'asdfasdf', NULL, 10, '20200115125836', NULL, '202001151258'),
	('402881ec6fa7e6a8016fa83d65150002', '20200115160633', '系统管理员', '40288b854a329988014a329a12f30002', '1', NULL, NULL, '402881ec6fa7d7bb016fa7e57af6000c', 0, 'a s d f sa d fa s f d', 'asdfsadfasfd', '20200115160633', NULL, '0', 0, 0, 0, 0, 1, 0, 'asdfsadfasfd', NULL, 10, '20200115160633', NULL, '202001151606'),
	('402881ec6fa841b0016fa84352300002', '20200115161301', '系统管理员', '40288b854a329988014a329a12f30002', '1', NULL, NULL, '402881ec6fa7d7bb016fa7e4b8e40009', 0, '222222222', '2222222222222222', '20200115161301', NULL, '0', 0, 0, 0, 0, 1, 0, '2222222222222222', NULL, 10, '20200115161301', NULL, '202001151613');
/*!40000 ALTER TABLE `wcp_question` ENABLE KEYS */;

-- 导出  表 wlp.wcp_question_detail 结构
CREATE TABLE IF NOT EXISTS `wcp_question_detail` (
  `ID` varchar(32) NOT NULL,
  `CTIME` varchar(16) NOT NULL,
  `CUSERNAME` varchar(64) DEFAULT NULL,
  `CUSER` varchar(32) DEFAULT NULL,
  `PSTATE` varchar(2) NOT NULL,
  `VTYPE` varchar(2) NOT NULL COMMENT '2好评、3差评',
  `USERIP` varchar(128) NOT NULL,
  `QUESTIONID` varchar(32) NOT NULL,
  PRIMARY KEY (`ID`),
  KEY `FK_QA3` (`QUESTIONID`) USING BTREE
) ENGINE=MyISAM DEFAULT CHARSET=utf8 ROW_FORMAT=DYNAMIC;

-- 正在导出表  wlp.wcp_question_detail 的数据：0 rows
/*!40000 ALTER TABLE `wcp_question_detail` DISABLE KEYS */;
/*!40000 ALTER TABLE `wcp_question_detail` ENABLE KEYS */;

-- 导出  表 wlp.wcp_question_enjoy 结构
CREATE TABLE IF NOT EXISTS `wcp_question_enjoy` (
  `ID` varchar(32) NOT NULL,
  `USERID` varchar(32) NOT NULL,
  `QUESTIONID` varchar(32) NOT NULL,
  PRIMARY KEY (`ID`),
  KEY `FK_QA1` (`QUESTIONID`) USING BTREE
) ENGINE=MyISAM DEFAULT CHARSET=utf8 ROW_FORMAT=DYNAMIC;

-- 正在导出表  wlp.wcp_question_enjoy 的数据：0 rows
/*!40000 ALTER TABLE `wcp_question_enjoy` DISABLE KEYS */;
/*!40000 ALTER TABLE `wcp_question_enjoy` ENABLE KEYS */;

-- 导出  表 wlp.wcp_question_plus 结构
CREATE TABLE IF NOT EXISTS `wcp_question_plus` (
  `ID` varchar(32) NOT NULL,
  `QUESTIONID` varchar(32) NOT NULL,
  `DESCRIPTION` text NOT NULL,
  `CTIME` varchar(14) NOT NULL,
  PRIMARY KEY (`ID`),
  KEY `FK_QA2` (`QUESTIONID`) USING BTREE
) ENGINE=MyISAM DEFAULT CHARSET=utf8 ROW_FORMAT=DYNAMIC;

-- 正在导出表  wlp.wcp_question_plus 的数据：2 rows
/*!40000 ALTER TABLE `wcp_question_plus` DISABLE KEYS */;
INSERT INTO `wcp_question_plus` (`ID`, `QUESTIONID`, `DESCRIPTION`, `CTIME`) VALUES
	('4028b8816d2b3ed5016d2b429b75002f', '4028b8816d2b3ed5016d2b424dbb0027', '撒打发', '20190913233408'),
	('4028b8816d70c88d016d70caabea0019', '4028b8816d70c88d016d70ca8cef0015', 'asdfa', '20190927113633');
/*!40000 ALTER TABLE `wcp_question_plus` ENABLE KEYS */;

-- 导出  表 wlp.wlp_c_classtype 结构
CREATE TABLE IF NOT EXISTS `wlp_c_classtype` (
  `ID` varchar(32) NOT NULL,
  `CTIME` varchar(16) NOT NULL,
  `ETIME` varchar(16) NOT NULL,
  `CUSERNAME` varchar(64) NOT NULL,
  `CUSER` varchar(32) NOT NULL,
  `EUSERNAME` varchar(64) NOT NULL,
  `EUSER` varchar(32) NOT NULL,
  `PSTATE` varchar(2) NOT NULL,
  `PCONTENT` varchar(128) DEFAULT NULL,
  `SORT` int(11) NOT NULL,
  `PARENTID` varchar(32) NOT NULL,
  `NAME` varchar(32) NOT NULL,
  `TREECODE` varchar(256) NOT NULL,
  PRIMARY KEY (`ID`)
) ENGINE=InnoDB DEFAULT CHARSET=utf8;

-- 正在导出表  wlp.wlp_c_classtype 的数据：~70 rows (大约)
/*!40000 ALTER TABLE `wlp_c_classtype` DISABLE KEYS */;
INSERT INTO `wlp_c_classtype` (`ID`, `CTIME`, `ETIME`, `CUSERNAME`, `CUSER`, `EUSERNAME`, `EUSER`, `PSTATE`, `PCONTENT`, `SORT`, `PARENTID`, `NAME`, `TREECODE`) VALUES
	('402880e772a8b27e0172a8b714890001', '20200612212750', '20200612212750', '系统管理员', '40288b854a329988014a329a12f30002', '系统管理员', '40288b854a329988014a329a12f30002', '1', '', 1, 'NONE', '前沿 / 区块链 / 人工智能', '402880e772a8b27e0172a8b714890001'),
	('402880e772a8c02f0172a8c1f5d10000', '20200612213943', '20200612213943', '系统管理员', '40288b854a329988014a329a12f30002', '系统管理员', '40288b854a329988014a329a12f30002', '1', '', 2, 'NONE', '前端 / 小程序 / JS', '402880e772a8c02f0172a8c1f5d10000'),
	('402880e772b2ad0d0172b2d32a740000', '20200614203442', '20200614203442', '系统管理员', '40288b854a329988014a329a12f30002', '系统管理员', '40288b854a329988014a329a12f30002', '1', '', 3, 'NONE', '后端 / JAVA / Python', '402880e772b2ad0d0172b2d32a740000'),
	('402880e772b2ad0d0172b2d351520001', '20200614203452', '20200615093557', '系统管理员', '40288b854a329988014a329a12f30002', '系统管理员', '40288b854a329988014a329a12f30002', '1', '', 5, 'NONE', '移动 / Android / iOS', '402880e772b2ad0d0172b2d351520001'),
	('402880e772b2ad0d0172b2e1e5940004', '20200614205048', '20200615090602', '系统管理员', '40288b854a329988014a329a12f30002', '系统管理员', '40288b854a329988014a329a12f30002', '1', '', 1, '402880e772a8b27e0172a8b714890001', '前沿技术', '402880e772a8b27e0172a8b714890001402880e772b2ad0d0172b2e1e5940004'),
	('402880e772b2ad0d0172b32432830007', '20200614220313', '20200615091026', '系统管理员', '40288b854a329988014a329a12f30002', '系统管理员', '40288b854a329988014a329a12f30002', '1', '', 1, '402880e772a8c02f0172a8c1f5d10000', '前端开发', '402880e772a8c02f0172a8c1f5d10000402880e772b2ad0d0172b32432830007'),
	('402880e772b2ad0d0172b3245c43000a', '20200614220324', '20200615092550', '系统管理员', '40288b854a329988014a329a12f30002', '系统管理员', '40288b854a329988014a329a12f30002', '1', '', 1, '402880e772b2ad0d0172b2d32a740000', '后端开发', '402880e772b2ad0d0172b2d32a740000402880e772b2ad0d0172b3245c43000a'),
	('402880e772b2ad0d0172b3247e07000d', '20200614220332', '20200615092640', '系统管理员', '40288b854a329988014a329a12f30002', '系统管理员', '40288b854a329988014a329a12f30002', '1', '', 1, '402880e772b2ad0d0172b2d351520001', '移动开发', '402880e772b2ad0d0172b2d351520001402880e772b2ad0d0172b3247e07000d'),
	('402880e772b2ad0d0172b58368e60010', '20200615090627', '20200615090627', '系统管理员', '40288b854a329988014a329a12f30002', '系统管理员', '40288b854a329988014a329a12f30002', '1', '', 1, '402880e772b2ad0d0172b2e1e5940004', '微服务', '402880e772a8b27e0172a8b714890001402880e772b2ad0d0172b2e1e5940004402880e772b2ad0d0172b58368e60010'),
	('402880e772b2ad0d0172b58369530011', '20200615090627', '20200615090627', '系统管理员', '40288b854a329988014a329a12f30002', '系统管理员', '40288b854a329988014a329a12f30002', '1', '', 2, '402880e772b2ad0d0172b2e1e5940004', '区块链', '402880e772a8b27e0172a8b714890001402880e772b2ad0d0172b2e1e5940004402880e772b2ad0d0172b58369530011'),
	('402880e772b2ad0d0172b58369710012', '20200615090627', '20200615090627', '系统管理员', '40288b854a329988014a329a12f30002', '系统管理员', '40288b854a329988014a329a12f30002', '1', '', 3, '402880e772b2ad0d0172b2e1e5940004', '以太坊', '402880e772a8b27e0172a8b714890001402880e772b2ad0d0172b2e1e5940004402880e772b2ad0d0172b58369710012'),
	('402880e772b2ad0d0172b583698a0013', '20200615090627', '20200615090627', '系统管理员', '40288b854a329988014a329a12f30002', '系统管理员', '40288b854a329988014a329a12f30002', '1', '', 4, '402880e772b2ad0d0172b2e1e5940004', '机器学习', '402880e772a8b27e0172a8b714890001402880e772b2ad0d0172b2e1e5940004402880e772b2ad0d0172b583698a0013'),
	('402880e772b2ad0d0172b58369900014', '20200615090627', '20200615090627', '系统管理员', '40288b854a329988014a329a12f30002', '系统管理员', '40288b854a329988014a329a12f30002', '1', '', 5, '402880e772b2ad0d0172b2e1e5940004', '深度学习', '402880e772a8b27e0172a8b714890001402880e772b2ad0d0172b2e1e5940004402880e772b2ad0d0172b58369900014'),
	('402880e772b2ad0d0172b583afaa0015', '20200615090645', '20200615090645', '系统管理员', '40288b854a329988014a329a12f30002', '系统管理员', '40288b854a329988014a329a12f30002', '1', '', 6, '402880e772b2ad0d0172b2e1e5940004', '计算机视觉', '402880e772a8b27e0172a8b714890001402880e772b2ad0d0172b2e1e5940004402880e772b2ad0d0172b583afaa0015'),
	('402880e772b2ad0d0172b583afb50016', '20200615090645', '20200615090645', '系统管理员', '40288b854a329988014a329a12f30002', '系统管理员', '40288b854a329988014a329a12f30002', '1', '', 7, '402880e772b2ad0d0172b2e1e5940004', '自然语言处理', '402880e772a8b27e0172a8b714890001402880e772b2ad0d0172b2e1e5940004402880e772b2ad0d0172b583afb50016'),
	('402880e772b2ad0d0172b583afbf0017', '20200615090645', '20200615090645', '系统管理员', '40288b854a329988014a329a12f30002', '系统管理员', '40288b854a329988014a329a12f30002', '1', '', 8, '402880e772b2ad0d0172b2e1e5940004', '数据分析&amp;挖掘', '402880e772a8b27e0172a8b714890001402880e772b2ad0d0172b2e1e5940004402880e772b2ad0d0172b583afbf0017'),
	('402880e772b2ad0d0172b587356a0018', '20200615091036', '20200615091036', '系统管理员', '40288b854a329988014a329a12f30002', '系统管理员', '40288b854a329988014a329a12f30002', '1', '', 1, '402880e772b2ad0d0172b32432830007', 'Typescript', '402880e772a8c02f0172a8c1f5d10000402880e772b2ad0d0172b32432830007402880e772b2ad0d0172b587356a0018'),
	('402880e772b2ad0d0172b58735790019', '20200615091036', '20200615091036', '系统管理员', '40288b854a329988014a329a12f30002', '系统管理员', '40288b854a329988014a329a12f30002', '1', '', 2, '402880e772b2ad0d0172b32432830007', 'HTML/CSS', '402880e772a8c02f0172a8c1f5d10000402880e772b2ad0d0172b32432830007402880e772b2ad0d0172b58735790019'),
	('402880e772b2ad0d0172b5873583001a', '20200615091036', '20200615091036', '系统管理员', '40288b854a329988014a329a12f30002', '系统管理员', '40288b854a329988014a329a12f30002', '1', '', 3, '402880e772b2ad0d0172b32432830007', 'JavaScript', '402880e772a8c02f0172a8c1f5d10000402880e772b2ad0d0172b32432830007402880e772b2ad0d0172b5873583001a'),
	('402880e772b2ad0d0172b587358a001b', '20200615091036', '20200615091036', '系统管理员', '40288b854a329988014a329a12f30002', '系统管理员', '40288b854a329988014a329a12f30002', '1', '', 4, '402880e772b2ad0d0172b32432830007', 'Vue.js', '402880e772a8c02f0172a8c1f5d10000402880e772b2ad0d0172b32432830007402880e772b2ad0d0172b587358a001b'),
	('402880e772b2ad0d0172b58735a2001c', '20200615091036', '20200615091036', '系统管理员', '40288b854a329988014a329a12f30002', '系统管理员', '40288b854a329988014a329a12f30002', '1', '', 5, '402880e772b2ad0d0172b32432830007', 'React.JS', '402880e772a8c02f0172a8c1f5d10000402880e772b2ad0d0172b32432830007402880e772b2ad0d0172b58735a2001c'),
	('402880e772b2ad0d0172b58735b5001d', '20200615091036', '20200615091036', '系统管理员', '40288b854a329988014a329a12f30002', '系统管理员', '40288b854a329988014a329a12f30002', '1', '', 6, '402880e772b2ad0d0172b32432830007', 'Angular', '402880e772a8c02f0172a8c1f5d10000402880e772b2ad0d0172b32432830007402880e772b2ad0d0172b58735b5001d'),
	('402880e772b2ad0d0172b58735bb001e', '20200615091036', '20200615091036', '系统管理员', '40288b854a329988014a329a12f30002', '系统管理员', '40288b854a329988014a329a12f30002', '1', '', 7, '402880e772b2ad0d0172b32432830007', 'Node.js', '402880e772a8c02f0172a8c1f5d10000402880e772b2ad0d0172b32432830007402880e772b2ad0d0172b58735bb001e'),
	('402880e772b2ad0d0172b58735db001f', '20200615091036', '20200615091036', '系统管理员', '40288b854a329988014a329a12f30002', '系统管理员', '40288b854a329988014a329a12f30002', '1', '', 8, '402880e772b2ad0d0172b32432830007', 'jQuery', '402880e772a8c02f0172a8c1f5d10000402880e772b2ad0d0172b32432830007402880e772b2ad0d0172b58735db001f'),
	('402880e772b2ad0d0172b58735eb0020', '20200615091036', '20200615091036', '系统管理员', '40288b854a329988014a329a12f30002', '系统管理员', '40288b854a329988014a329a12f30002', '1', '', 9, '402880e772b2ad0d0172b32432830007', 'Bootstrap', '402880e772a8c02f0172a8c1f5d10000402880e772b2ad0d0172b32432830007402880e772b2ad0d0172b58735eb0020'),
	('402880e772b2ad0d0172b58735f20021', '20200615091036', '20200615091036', '系统管理员', '40288b854a329988014a329a12f30002', '系统管理员', '40288b854a329988014a329a12f30002', '1', '', 10, '402880e772b2ad0d0172b32432830007', 'Sass/Less', '402880e772a8c02f0172a8c1f5d10000402880e772b2ad0d0172b32432830007402880e772b2ad0d0172b58735f20021'),
	('402880e772b2ad0d0172b58736070022', '20200615091036', '20200615091036', '系统管理员', '40288b854a329988014a329a12f30002', '系统管理员', '40288b854a329988014a329a12f30002', '1', '', 11, '402880e772b2ad0d0172b32432830007', 'WebApp', '402880e772a8c02f0172a8c1f5d10000402880e772b2ad0d0172b32432830007402880e772b2ad0d0172b58736070022'),
	('402880e772b2ad0d0172b587361a0023', '20200615091036', '20200615091036', '系统管理员', '40288b854a329988014a329a12f30002', '系统管理员', '40288b854a329988014a329a12f30002', '1', '', 12, '402880e772b2ad0d0172b32432830007', '小程序', '402880e772a8c02f0172a8c1f5d10000402880e772b2ad0d0172b32432830007402880e772b2ad0d0172b587361a0023'),
	('402880e772b2ad0d0172b58736400024', '20200615091036', '20200615091036', '系统管理员', '40288b854a329988014a329a12f30002', '系统管理员', '40288b854a329988014a329a12f30002', '1', '', 13, '402880e772b2ad0d0172b32432830007', '前端工具', '402880e772a8c02f0172a8c1f5d10000402880e772b2ad0d0172b32432830007402880e772b2ad0d0172b58736400024'),
	('402880e772b2ad0d0172b587365f0025', '20200615091036', '20200615091036', '系统管理员', '40288b854a329988014a329a12f30002', '系统管理员', '40288b854a329988014a329a12f30002', '1', '', 14, '402880e772b2ad0d0172b32432830007', 'CSS', '402880e772a8c02f0172a8c1f5d10000402880e772b2ad0d0172b32432830007402880e772b2ad0d0172b587365f0025'),
	('402880e772b2ad0d0172b58736670026', '20200615091036', '20200615091036', '系统管理员', '40288b854a329988014a329a12f30002', '系统管理员', '40288b854a329988014a329a12f30002', '1', '', 15, '402880e772b2ad0d0172b32432830007', 'Html5', '402880e772a8c02f0172a8c1f5d10000402880e772b2ad0d0172b32432830007402880e772b2ad0d0172b58736670026'),
	('402880e772b2ad0d0172b587366e0027', '20200615091036', '20200615091036', '系统管理员', '40288b854a329988014a329a12f30002', '系统管理员', '40288b854a329988014a329a12f30002', '1', '', 16, '402880e772b2ad0d0172b32432830007', 'CSS3', '402880e772a8c02f0172a8c1f5d10000402880e772b2ad0d0172b32432830007402880e772b2ad0d0172b587366e0027'),
	('402880e772b2ad0d0172b59576f50028', '20200615092610', '20200615092610', '系统管理员', '40288b854a329988014a329a12f30002', '系统管理员', '40288b854a329988014a329a12f30002', '1', '', 1, '402880e772b2ad0d0172b3245c43000a', 'Java', '402880e772b2ad0d0172b2d32a740000402880e772b2ad0d0172b3245c43000a402880e772b2ad0d0172b59576f50028'),
	('402880e772b2ad0d0172b59577060029', '20200615092610', '20200615092610', '系统管理员', '40288b854a329988014a329a12f30002', '系统管理员', '40288b854a329988014a329a12f30002', '1', '', 2, '402880e772b2ad0d0172b3245c43000a', 'SpringBoot', '402880e772b2ad0d0172b2d32a740000402880e772b2ad0d0172b3245c43000a402880e772b2ad0d0172b59577060029'),
	('402880e772b2ad0d0172b595770d002a', '20200615092610', '20200615092610', '系统管理员', '40288b854a329988014a329a12f30002', '系统管理员', '40288b854a329988014a329a12f30002', '1', '', 3, '402880e772b2ad0d0172b3245c43000a', 'Spring', '402880e772b2ad0d0172b2d32a740000402880e772b2ad0d0172b3245c43000a402880e772b2ad0d0172b595770d002a'),
	('402880e772b2ad0d0172b59577c9002b', '20200615092611', '20200615092611', '系统管理员', '40288b854a329988014a329a12f30002', '系统管理员', '40288b854a329988014a329a12f30002', '1', '', 4, '402880e772b2ad0d0172b3245c43000a', 'Cloud', '402880e772b2ad0d0172b2d32a740000402880e772b2ad0d0172b3245c43000a402880e772b2ad0d0172b59577c9002b'),
	('402880e772b2ad0d0172b59577d2002c', '20200615092611', '20200615092611', '系统管理员', '40288b854a329988014a329a12f30002', '系统管理员', '40288b854a329988014a329a12f30002', '1', '', 5, '402880e772b2ad0d0172b3245c43000a', 'SSM', '402880e772b2ad0d0172b2d32a740000402880e772b2ad0d0172b3245c43000a402880e772b2ad0d0172b59577d2002c'),
	('402880e772b2ad0d0172b59577da002d', '20200615092611', '20200615092611', '系统管理员', '40288b854a329988014a329a12f30002', '系统管理员', '40288b854a329988014a329a12f30002', '1', '', 6, '402880e772b2ad0d0172b3245c43000a', 'Python', '402880e772b2ad0d0172b2d32a740000402880e772b2ad0d0172b3245c43000a402880e772b2ad0d0172b59577da002d'),
	('402880e772b2ad0d0172b59577e0002e', '20200615092611', '20200615092611', '系统管理员', '40288b854a329988014a329a12f30002', '系统管理员', '40288b854a329988014a329a12f30002', '1', '', 7, '402880e772b2ad0d0172b3245c43000a', '爬虫', '402880e772b2ad0d0172b2d32a740000402880e772b2ad0d0172b3245c43000a402880e772b2ad0d0172b59577e0002e'),
	('402880e772b2ad0d0172b59577e6002f', '20200615092611', '20200615092611', '系统管理员', '40288b854a329988014a329a12f30002', '系统管理员', '40288b854a329988014a329a12f30002', '1', '', 8, '402880e772b2ad0d0172b3245c43000a', 'Django', '402880e772b2ad0d0172b2d32a740000402880e772b2ad0d0172b3245c43000a402880e772b2ad0d0172b59577e6002f'),
	('402880e772b2ad0d0172b59578010030', '20200615092611', '20200615092611', '系统管理员', '40288b854a329988014a329a12f30002', '系统管理员', '40288b854a329988014a329a12f30002', '1', '', 9, '402880e772b2ad0d0172b3245c43000a', 'Tornado', '402880e772b2ad0d0172b2d32a740000402880e772b2ad0d0172b3245c43000a402880e772b2ad0d0172b59578010030'),
	('402880e772b2ad0d0172b595780a0031', '20200615092611', '20200615092611', '系统管理员', '40288b854a329988014a329a12f30002', '系统管理员', '40288b854a329988014a329a12f30002', '1', '', 10, '402880e772b2ad0d0172b3245c43000a', 'Go', '402880e772b2ad0d0172b2d32a740000402880e772b2ad0d0172b3245c43000a402880e772b2ad0d0172b595780a0031'),
	('402880e772b2ad0d0172b59578120032', '20200615092611', '20200615092611', '系统管理员', '40288b854a329988014a329a12f30002', '系统管理员', '40288b854a329988014a329a12f30002', '1', '', 11, '402880e772b2ad0d0172b3245c43000a', 'PHP', '402880e772b2ad0d0172b2d32a740000402880e772b2ad0d0172b3245c43000a402880e772b2ad0d0172b59578120032'),
	('402880e772b2ad0d0172b595781b0033', '20200615092611', '20200615092611', '系统管理员', '40288b854a329988014a329a12f30002', '系统管理员', '40288b854a329988014a329a12f30002', '1', '', 12, '402880e772b2ad0d0172b3245c43000a', 'C', '402880e772b2ad0d0172b2d32a740000402880e772b2ad0d0172b3245c43000a402880e772b2ad0d0172b595781b0033'),
	('402880e772b2ad0d0172b59578220034', '20200615092611', '20200615092611', '系统管理员', '40288b854a329988014a329a12f30002', '系统管理员', '40288b854a329988014a329a12f30002', '1', '', 13, '402880e772b2ad0d0172b3245c43000a', 'C++', '402880e772b2ad0d0172b2d32a740000402880e772b2ad0d0172b3245c43000a402880e772b2ad0d0172b59578220034'),
	('402880e772b2ad0d0172b595782a0035', '20200615092611', '20200615092611', '系统管理员', '40288b854a329988014a329a12f30002', '系统管理员', '40288b854a329988014a329a12f30002', '1', '', 14, '402880e772b2ad0d0172b3245c43000a', 'C#', '402880e772b2ad0d0172b2d32a740000402880e772b2ad0d0172b3245c43000a402880e772b2ad0d0172b595782a0035'),
	('402880e772b2ad0d0172b595783f0036', '20200615092611', '20200615092611', '系统管理员', '40288b854a329988014a329a12f30002', '系统管理员', '40288b854a329988014a329a12f30002', '1', '', 15, '402880e772b2ad0d0172b3245c43000a', 'Ruby', '402880e772b2ad0d0172b2d32a740000402880e772b2ad0d0172b3245c43000a402880e772b2ad0d0172b595783f0036'),
	('402880e772b2ad0d0172b59676800037', '20200615092716', '20200615092716', '系统管理员', '40288b854a329988014a329a12f30002', '系统管理员', '40288b854a329988014a329a12f30002', '1', '', 1, '402880e772b2ad0d0172b3247e07000d', 'Android', '402880e772b2ad0d0172b2d351520001402880e772b2ad0d0172b3247e07000d402880e772b2ad0d0172b59676800037'),
	('402880e772b2ad0d0172b596768b0038', '20200615092716', '20200615092716', '系统管理员', '40288b854a329988014a329a12f30002', '系统管理员', '40288b854a329988014a329a12f30002', '1', '', 2, '402880e772b2ad0d0172b3247e07000d', 'iOS', '402880e772b2ad0d0172b2d351520001402880e772b2ad0d0172b3247e07000d402880e772b2ad0d0172b596768b0038'),
	('402880e772b2ad0d0172b59676930039', '20200615092716', '20200615092716', '系统管理员', '40288b854a329988014a329a12f30002', '系统管理员', '40288b854a329988014a329a12f30002', '1', '', 3, '402880e772b2ad0d0172b3247e07000d', 'React', '402880e772b2ad0d0172b2d351520001402880e772b2ad0d0172b3247e07000d402880e772b2ad0d0172b59676930039'),
	('402880e772b2ad0d0172b59676fb003a', '20200615092716', '20200615092716', '系统管理员', '40288b854a329988014a329a12f30002', '系统管理员', '40288b854a329988014a329a12f30002', '1', '', 4, '402880e772b2ad0d0172b3247e07000d', 'native', '402880e772b2ad0d0172b2d351520001402880e772b2ad0d0172b3247e07000d402880e772b2ad0d0172b59676fb003a'),
	('402880e772b2ad0d0172b5967702003b', '20200615092716', '20200615092716', '系统管理员', '40288b854a329988014a329a12f30002', '系统管理员', '40288b854a329988014a329a12f30002', '1', '', 5, '402880e772b2ad0d0172b3247e07000d', 'WEEX', '402880e772b2ad0d0172b2d351520001402880e772b2ad0d0172b3247e07000d402880e772b2ad0d0172b5967702003b'),
	('402880e772b2ad0d0172b5974384003c', '20200615092808', '20200615093602', '系统管理员', '40288b854a329988014a329a12f30002', '系统管理员', '40288b854a329988014a329a12f30002', '1', '', 4, 'NONE', '运维 / 测试 / 数据库', '402880e772b2ad0d0172b5974384003c'),
	('402880e772b2ad0d0172b5978c5a003d', '20200615092827', '20200615092827', '系统管理员', '40288b854a329988014a329a12f30002', '系统管理员', '40288b854a329988014a329a12f30002', '1', '', 1, '402880e772b2ad0d0172b5974384003c', '运维&amp;测试', '402880e772b2ad0d0172b5974384003c402880e772b2ad0d0172b5978c5a003d'),
	('402880e772b2ad0d0172b5978c6c003e', '20200615092827', '20200615092827', '系统管理员', '40288b854a329988014a329a12f30002', '系统管理员', '40288b854a329988014a329a12f30002', '1', '', 2, '402880e772b2ad0d0172b5974384003c', '数据库', '402880e772b2ad0d0172b5974384003c402880e772b2ad0d0172b5978c6c003e'),
	('402880e772b2ad0d0172b5986688003f', '20200615092923', '20200615092923', '系统管理员', '40288b854a329988014a329a12f30002', '系统管理员', '40288b854a329988014a329a12f30002', '1', '', 1, '402880e772b2ad0d0172b5978c5a003d', '运维', '402880e772b2ad0d0172b5974384003c402880e772b2ad0d0172b5978c5a003d402880e772b2ad0d0172b5986688003f'),
	('402880e772b2ad0d0172b59866940040', '20200615092923', '20200615092923', '系统管理员', '40288b854a329988014a329a12f30002', '系统管理员', '40288b854a329988014a329a12f30002', '1', '', 2, '402880e772b2ad0d0172b5978c5a003d', '自动化运维', '402880e772b2ad0d0172b5974384003c402880e772b2ad0d0172b5978c5a003d402880e772b2ad0d0172b59866940040'),
	('402880e772b2ad0d0172b598669a0041', '20200615092923', '20200615092923', '系统管理员', '40288b854a329988014a329a12f30002', '系统管理员', '40288b854a329988014a329a12f30002', '1', '', 3, '402880e772b2ad0d0172b5978c5a003d', '运维工具', '402880e772b2ad0d0172b5974384003c402880e772b2ad0d0172b5978c5a003d402880e772b2ad0d0172b598669a0041'),
	('402880e772b2ad0d0172b59867340042', '20200615092923', '20200615092923', '系统管理员', '40288b854a329988014a329a12f30002', '系统管理员', '40288b854a329988014a329a12f30002', '1', '', 4, '402880e772b2ad0d0172b5978c5a003d', '中间件', '402880e772b2ad0d0172b5974384003c402880e772b2ad0d0172b5978c5a003d402880e772b2ad0d0172b59867340042'),
	('402880e772b2ad0d0172b598673b0043', '20200615092923', '20200615092923', '系统管理员', '40288b854a329988014a329a12f30002', '系统管理员', '40288b854a329988014a329a12f30002', '1', '', 5, '402880e772b2ad0d0172b5978c5a003d', 'Linux', '402880e772b2ad0d0172b5974384003c402880e772b2ad0d0172b5978c5a003d402880e772b2ad0d0172b598673b0043'),
	('402880e772b2ad0d0172b59867400044', '20200615092923', '20200615092923', '系统管理员', '40288b854a329988014a329a12f30002', '系统管理员', '40288b854a329988014a329a12f30002', '1', '', 6, '402880e772b2ad0d0172b5978c5a003d', '测试', '402880e772b2ad0d0172b5974384003c402880e772b2ad0d0172b5978c5a003d402880e772b2ad0d0172b59867400044'),
	('402880e772b2ad0d0172b59867460045', '20200615092923', '20200615092923', '系统管理员', '40288b854a329988014a329a12f30002', '系统管理员', '40288b854a329988014a329a12f30002', '1', '', 7, '402880e772b2ad0d0172b5978c5a003d', '功能测试', '402880e772b2ad0d0172b5974384003c402880e772b2ad0d0172b5978c5a003d402880e772b2ad0d0172b59867460045'),
	('402880e772b2ad0d0172b598674c0046', '20200615092923', '20200615092923', '系统管理员', '40288b854a329988014a329a12f30002', '系统管理员', '40288b854a329988014a329a12f30002', '1', '', 8, '402880e772b2ad0d0172b5978c5a003d', '性能测试', '402880e772b2ad0d0172b5974384003c402880e772b2ad0d0172b5978c5a003d402880e772b2ad0d0172b598674c0046'),
	('402880e772b2ad0d0172b59867520047', '20200615092923', '20200615092923', '系统管理员', '40288b854a329988014a329a12f30002', '系统管理员', '40288b854a329988014a329a12f30002', '1', '', 9, '402880e772b2ad0d0172b5978c5a003d', '自动化测试', '402880e772b2ad0d0172b5974384003c402880e772b2ad0d0172b5978c5a003d402880e772b2ad0d0172b59867520047'),
	('402880e772b2ad0d0172b59867580048', '20200615092923', '20200615092923', '系统管理员', '40288b854a329988014a329a12f30002', '系统管理员', '40288b854a329988014a329a12f30002', '1', '', 10, '402880e772b2ad0d0172b5978c5a003d', '接口测试', '402880e772b2ad0d0172b5974384003c402880e772b2ad0d0172b5978c5a003d402880e772b2ad0d0172b59867580048'),
	('402880e772b2ad0d0172b598675e0049', '20200615092923', '20200615092923', '系统管理员', '40288b854a329988014a329a12f30002', '系统管理员', '40288b854a329988014a329a12f30002', '1', '', 11, '402880e772b2ad0d0172b5978c5a003d', '安全测试', '402880e772b2ad0d0172b5974384003c402880e772b2ad0d0172b5978c5a003d402880e772b2ad0d0172b598675e0049'),
	('402880e772b2ad0d0172b5989a0a004a', '20200615092936', '20200615092936', '系统管理员', '40288b854a329988014a329a12f30002', '系统管理员', '40288b854a329988014a329a12f30002', '1', '', 1, '402880e772b2ad0d0172b5978c6c003e', 'MySQL', '402880e772b2ad0d0172b5974384003c402880e772b2ad0d0172b5978c6c003e402880e772b2ad0d0172b5989a0a004a'),
	('402880e772b2ad0d0172b5989a17004b', '20200615092936', '20200615092936', '系统管理员', '40288b854a329988014a329a12f30002', '系统管理员', '40288b854a329988014a329a12f30002', '1', '', 2, '402880e772b2ad0d0172b5978c6c003e', 'Redis', '402880e772b2ad0d0172b5974384003c402880e772b2ad0d0172b5978c6c003e402880e772b2ad0d0172b5989a17004b'),
	('402880e772b2ad0d0172b5989a24004c', '20200615092936', '20200615092936', '系统管理员', '40288b854a329988014a329a12f30002', '系统管理员', '40288b854a329988014a329a12f30002', '1', '', 3, '402880e772b2ad0d0172b5978c6c003e', 'MongoDB', '402880e772b2ad0d0172b5974384003c402880e772b2ad0d0172b5978c6c003e402880e772b2ad0d0172b5989a24004c'),
	('402880e772b2ad0d0172b5989a2b004d', '20200615092936', '20200615092936', '系统管理员', '40288b854a329988014a329a12f30002', '系统管理员', '40288b854a329988014a329a12f30002', '1', '', 4, '402880e772b2ad0d0172b5978c6c003e', 'Oracle', '402880e772b2ad0d0172b5974384003c402880e772b2ad0d0172b5978c6c003e402880e772b2ad0d0172b5989a2b004d'),
	('402880e772b2ad0d0172b5989a34004e', '20200615092936', '20200615092936', '系统管理员', '40288b854a329988014a329a12f30002', '系统管理员', '40288b854a329988014a329a12f30002', '1', '', 5, '402880e772b2ad0d0172b5978c6c003e', 'SQL', '402880e772b2ad0d0172b5974384003c402880e772b2ad0d0172b5978c6c003e402880e772b2ad0d0172b5989a34004e'),
	('402880e772b2ad0d0172b5989a3c004f', '20200615092936', '20200615092936', '系统管理员', '40288b854a329988014a329a12f30002', '系统管理员', '40288b854a329988014a329a12f30002', '1', '', 6, '402880e772b2ad0d0172b5978c6c003e', 'Server', '402880e772b2ad0d0172b5974384003c402880e772b2ad0d0172b5978c6c003e402880e772b2ad0d0172b5989a3c004f'),
	('402880e772b2ad0d0172b5989a480050', '20200615092936', '20200615092936', '系统管理员', '40288b854a329988014a329a12f30002', '系统管理员', '40288b854a329988014a329a12f30002', '1', '', 7, '402880e772b2ad0d0172b5978c6c003e', 'NoSql', '402880e772b2ad0d0172b5974384003c402880e772b2ad0d0172b5978c6c003e402880e772b2ad0d0172b5989a480050'),
	('402880e772b2ad0d0172b59b42000051', '20200615093230', '20200615093230', '系统管理员', '40288b854a329988014a329a12f30002', '系统管理员', '40288b854a329988014a329a12f30002', '1', '', 6, 'NONE', '云计算 / 大数据 / 容器', '402880e772b2ad0d0172b59b42000051'),
	('402880e772b2ad0d0172b59bc6310052', '20200615093304', '20200615093304', '系统管理员', '40288b854a329988014a329a12f30002', '系统管理员', '40288b854a329988014a329a12f30002', '1', '', 1, '402880e772b2ad0d0172b59b42000051', '计算机基础', '402880e772b2ad0d0172b59b42000051402880e772b2ad0d0172b59bc6310052'),
	('402880e772b2ad0d0172b59bc6380053', '20200615093304', '20200615093304', '系统管理员', '40288b854a329988014a329a12f30002', '系统管理员', '40288b854a329988014a329a12f30002', '1', '', 2, '402880e772b2ad0d0172b59b42000051', '云计算&amp;大数据', '402880e772b2ad0d0172b59b42000051402880e772b2ad0d0172b59bc6380053'),
	('402880e772b2ad0d0172b59c133a0054', '20200615093324', '20200615093324', '系统管理员', '40288b854a329988014a329a12f30002', '系统管理员', '40288b854a329988014a329a12f30002', '1', '', 1, '402880e772b2ad0d0172b59bc6310052', '计算机网络', '402880e772b2ad0d0172b59b42000051402880e772b2ad0d0172b59bc6310052402880e772b2ad0d0172b59c133a0054'),
	('402880e772b2ad0d0172b59c13460055', '20200615093324', '20200615093324', '系统管理员', '40288b854a329988014a329a12f30002', '系统管理员', '40288b854a329988014a329a12f30002', '1', '', 2, '402880e772b2ad0d0172b59bc6310052', '算法与数据结构', '402880e772b2ad0d0172b59b42000051402880e772b2ad0d0172b59bc6310052402880e772b2ad0d0172b59c13460055'),
	('402880e772b2ad0d0172b59c13690056', '20200615093324', '20200615093324', '系统管理员', '40288b854a329988014a329a12f30002', '系统管理员', '40288b854a329988014a329a12f30002', '1', '', 3, '402880e772b2ad0d0172b59bc6310052', '数学', '402880e772b2ad0d0172b59b42000051402880e772b2ad0d0172b59bc6310052402880e772b2ad0d0172b59c13690056'),
	('402880e772b2ad0d0172b59cb0ec0057', '20200615093404', '20200615093404', '系统管理员', '40288b854a329988014a329a12f30002', '系统管理员', '40288b854a329988014a329a12f30002', '1', '', 1, '402880e772b2ad0d0172b59bc6380053', '大数据', '402880e772b2ad0d0172b59b42000051402880e772b2ad0d0172b59bc6380053402880e772b2ad0d0172b59cb0ec0057'),
	('402880e772b2ad0d0172b59cb0f90058', '20200615093404', '20200615093404', '系统管理员', '40288b854a329988014a329a12f30002', '系统管理员', '40288b854a329988014a329a12f30002', '1', '', 2, '402880e772b2ad0d0172b59bc6380053', 'Hadoop', '402880e772b2ad0d0172b59b42000051402880e772b2ad0d0172b59bc6380053402880e772b2ad0d0172b59cb0f90058'),
	('402880e772b2ad0d0172b59cb0ff0059', '20200615093404', '20200615093404', '系统管理员', '40288b854a329988014a329a12f30002', '系统管理员', '40288b854a329988014a329a12f30002', '1', '', 3, '402880e772b2ad0d0172b59bc6380053', 'Spark', '402880e772b2ad0d0172b59b42000051402880e772b2ad0d0172b59bc6380053402880e772b2ad0d0172b59cb0ff0059'),
	('402880e772b2ad0d0172b59cb10b005a', '20200615093404', '20200615093404', '系统管理员', '40288b854a329988014a329a12f30002', '系统管理员', '40288b854a329988014a329a12f30002', '1', '', 4, '402880e772b2ad0d0172b59bc6380053', 'Hbase', '402880e772b2ad0d0172b59b42000051402880e772b2ad0d0172b59bc6380053402880e772b2ad0d0172b59cb10b005a'),
	('402880e772b2ad0d0172b59cb5ed005b', '20200615093405', '20200615093405', '系统管理员', '40288b854a329988014a329a12f30002', '系统管理员', '40288b854a329988014a329a12f30002', '1', '', 5, '402880e772b2ad0d0172b59bc6380053', 'Storm', '402880e772b2ad0d0172b59b42000051402880e772b2ad0d0172b59bc6380053402880e772b2ad0d0172b59cb5ed005b'),
	('402880e772b2ad0d0172b59cb5fc005c', '20200615093405', '20200615093405', '系统管理员', '40288b854a329988014a329a12f30002', '系统管理员', '40288b854a329988014a329a12f30002', '1', '', 6, '402880e772b2ad0d0172b59bc6380053', '云计算', '402880e772b2ad0d0172b59b42000051402880e772b2ad0d0172b59bc6380053402880e772b2ad0d0172b59cb5fc005c'),
	('402880e772b2ad0d0172b59cb604005d', '20200615093405', '20200615093405', '系统管理员', '40288b854a329988014a329a12f30002', '系统管理员', '40288b854a329988014a329a12f30002', '1', '', 7, '402880e772b2ad0d0172b59bc6380053', 'AWS', '402880e772b2ad0d0172b59b42000051402880e772b2ad0d0172b59bc6380053402880e772b2ad0d0172b59cb604005d'),
	('402880e772b2ad0d0172b59cb60b005e', '20200615093405', '20200615093405', '系统管理员', '40288b854a329988014a329a12f30002', '系统管理员', '40288b854a329988014a329a12f30002', '1', '', 8, '402880e772b2ad0d0172b59bc6380053', 'Docker', '402880e772b2ad0d0172b59b42000051402880e772b2ad0d0172b59bc6380053402880e772b2ad0d0172b59cb60b005e'),
	('402880e772b2ad0d0172b59cb612005f', '20200615093405', '20200615093405', '系统管理员', '40288b854a329988014a329a12f30002', '系统管理员', '40288b854a329988014a329a12f30002', '1', '', 9, '402880e772b2ad0d0172b59bc6380053', 'Kubernetes', '402880e772b2ad0d0172b59b42000051402880e772b2ad0d0172b59bc6380053402880e772b2ad0d0172b59cb612005f');
/*!40000 ALTER TABLE `wlp_c_classtype` ENABLE KEYS */;

-- 导出  表 wlp.wlp_c_tag 结构
CREATE TABLE IF NOT EXISTS `wlp_c_tag` (
  `ID` varchar(32) NOT NULL,
  `CTIME` varchar(16) NOT NULL,
  `ETIME` varchar(16) NOT NULL,
  `CUSERNAME` varchar(64) NOT NULL,
  `CUSER` varchar(32) NOT NULL,
  `EUSERNAME` varchar(64) NOT NULL,
  `EUSER` varchar(32) NOT NULL,
  `PSTATE` varchar(2) NOT NULL,
  `PCONTENT` varchar(128) DEFAULT NULL,
  `SORT` int(11) NOT NULL,
  `NAME` varchar(32) NOT NULL,
  `TYPEID` varchar(32) DEFAULT NULL,
  PRIMARY KEY (`ID`),
  KEY `FK_Reference_25` (`TYPEID`),
  CONSTRAINT `FK_Reference_25` FOREIGN KEY (`TYPEID`) REFERENCES `wlp_c_tagtype` (`ID`)
) ENGINE=InnoDB DEFAULT CHARSET=utf8;

-- 正在导出表  wlp.wlp_c_tag 的数据：~4 rows (大约)
/*!40000 ALTER TABLE `wlp_c_tag` DISABLE KEYS */;
INSERT INTO `wlp_c_tag` (`ID`, `CTIME`, `ETIME`, `CUSERNAME`, `CUSER`, `EUSERNAME`, `EUSER`, `PSTATE`, `PCONTENT`, `SORT`, `NAME`, `TYPEID`) VALUES
	('402880ec732831610173283bf9750004', '20200707154445', '20200707154445', '系统管理员', '40288b854a329988014a329a12f30002', '系统管理员', '40288b854a329988014a329a12f30002', '1', NULL, 1, '红', '402880ec732804d101732805dd620000'),
	('402880ec732831610173283bf9e00005', '20200707154446', '20200707154446', '系统管理员', '40288b854a329988014a329a12f30002', '系统管理员', '40288b854a329988014a329a12f30002', '1', NULL, 2, '黄', '402880ec732804d101732805dd620000'),
	('402880ec732831610173283bfa1c0006', '20200707154446', '20200707154446', '系统管理员', '40288b854a329988014a329a12f30002', '系统管理员', '40288b854a329988014a329a12f30002', '1', NULL, 3, '蓝', '402880ec732804d101732805dd620000'),
	('402880ec732831610173283bfa4d0007', '20200707154446', '20200707154446', '系统管理员', '40288b854a329988014a329a12f30002', '系统管理员', '40288b854a329988014a329a12f30002', '1', NULL, 4, '绿', '402880ec732804d101732805dd620000');
/*!40000 ALTER TABLE `wlp_c_tag` ENABLE KEYS */;

-- 导出  表 wlp.wlp_c_tagtype 结构
CREATE TABLE IF NOT EXISTS `wlp_c_tagtype` (
  `ID` varchar(32) NOT NULL,
  `CTIME` varchar(16) NOT NULL,
  `ETIME` varchar(16) NOT NULL,
  `CUSERNAME` varchar(64) NOT NULL,
  `CUSER` varchar(32) NOT NULL,
  `EUSERNAME` varchar(64) NOT NULL,
  `EUSER` varchar(32) NOT NULL,
  `PSTATE` varchar(2) NOT NULL,
  `PCONTENT` varchar(128) DEFAULT NULL,
  `SORT` int(11) NOT NULL,
  `NAME` varchar(32) NOT NULL,
  PRIMARY KEY (`ID`)
) ENGINE=InnoDB DEFAULT CHARSET=utf8;

-- 正在导出表  wlp.wlp_c_tagtype 的数据：~2 rows (大约)
/*!40000 ALTER TABLE `wlp_c_tagtype` DISABLE KEYS */;
INSERT INTO `wlp_c_tagtype` (`ID`, `CTIME`, `ETIME`, `CUSERNAME`, `CUSER`, `EUSERNAME`, `EUSER`, `PSTATE`, `PCONTENT`, `SORT`, `NAME`) VALUES
	('402880ec732804d101732805dd620000', '20200707144539', '20200707144539', '系统管理员', '40288b854a329988014a329a12f30002', '系统管理员', '40288b854a329988014a329a12f30002', '1', '', 1, '颜色'),
	('402880ec73282afd0173282e21cc0002', '20200707152938', '20200707152938', '系统管理员', '40288b854a329988014a329a12f30002', '系统管理员', '40288b854a329988014a329a12f30002', '1', '', 2, '形状');
/*!40000 ALTER TABLE `wlp_c_tagtype` ENABLE KEYS */;

-- 导出  表 wlp.wlp_f_file 结构
CREATE TABLE IF NOT EXISTS `wlp_f_file` (
  `ID` varchar(32) NOT NULL,
  `CTIME` varchar(16) NOT NULL,
  `ETIME` varchar(16) NOT NULL,
  `CUSERNAME` varchar(64) NOT NULL,
  `CUSER` varchar(32) NOT NULL,
  `EUSERNAME` varchar(64) NOT NULL,
  `EUSER` varchar(32) NOT NULL,
  `PCONTENT` varchar(128) DEFAULT NULL,
  `PSTATE` varchar(1) NOT NULL COMMENT '0.临时1.持久2永久9删除',
  `EXNAME` varchar(32) NOT NULL,
  `RELATIVEPATH` varchar(1024) NOT NULL COMMENT 'relative',
  `SECRET` varchar(32) NOT NULL COMMENT '200m以下為MD5校驗碼',
  `FILENAME` varchar(128) NOT NULL,
  `TITLE` varchar(256) NOT NULL,
  `FILESIZE` int(11) NOT NULL,
  `SYSNAME` varchar(128) NOT NULL,
  `RESOURCEKEY` varchar(32) NOT NULL,
  `APPID` varchar(32) DEFAULT NULL,
  PRIMARY KEY (`ID`)
) ENGINE=InnoDB DEFAULT CHARSET=utf8;

-- 正在导出表  wlp.wlp_f_file 的数据：~51 rows (大约)
/*!40000 ALTER TABLE `wlp_f_file` DISABLE KEYS */;
INSERT INTO `wlp_f_file` (`ID`, `CTIME`, `ETIME`, `CUSERNAME`, `CUSER`, `EUSERNAME`, `EUSER`, `PCONTENT`, `PSTATE`, `EXNAME`, `RELATIVEPATH`, `SECRET`, `FILENAME`, `TITLE`, `FILESIZE`, `SYSNAME`, `RESOURCEKEY`, `APPID`) VALUES
	('2c902a8d735583fb0173558649330000', '20200716104850', '20200716104850', '系统管理员', '40288b854a329988014a329a12f30002', '系统管理员', '40288b854a329988014a329a12f30002', NULL, '1', 'jpeg', '\\2020\\07\\16\\10\ , 'dc8ebec6cbe74beab1559823b59373b2', '21a3b7de50ce491c88ab80a91ccb3d78.jpeg.file', '2.jpeg', 135688, '本地', '2020', NULL),
	('402880ec7341c747017341d4c0650004', '20200712150208', '20200712150208', '系统管理员', '40288b854a329988014a329a12f30002', '系统管理员', '40288b854a329988014a329a12f30002', NULL, '0', 'jpg', '\\2020\\07\\12\\15\ , '351e7e1819194541a868ca5736d188e1', '01d98aee7bf54b5c941d28c3fbf52646.jpg.file', '5ad5cc490001e53006000338-360-202.jpg', 7637, '本地', '2020', NULL),
	('402880ec7341c747017341d63a590006', '20200712150345', '20200712150345', '系统管理员', '40288b854a329988014a329a12f30002', '系统管理员', '40288b854a329988014a329a12f30002', NULL, '1', '5入门简介', '\\2020\\07\\12\\15\ , '7bbea273f5684f1cb4c19b98270c15fb', 'bf09395f14e04c4e9cbef1ab59a3a307.5入门简介.file', 'vue2.5入门简介', 465, '课程简介', '2020', '402880ec7341c747017341d4ca350005'),
	('402880ec7341c747017341d7664c000b', '20200712150502', '20200712150502', '系统管理员', '40288b854a329988014a329a12f30002', '系统管理员', '40288b854a329988014a329a12f30002', NULL, '0', 'mp4', '\\2020\\07\\12\\15\ , 'b97aa0cf0aad45248193be5e03031647', '705fafd906cc47acbe5490a0cb4fe858.mp4.file', 'v.f30.mp4', 8115452, '本地', '2020', NULL),
	('402880ec7341c747017341d7a5ad000d', '20200712150518', '20200712150518', '系统管理员', '40288b854a329988014a329a12f30002', '系统管理员', '40288b854a329988014a329a12f30002', NULL, '0', 'mp4', '\\2020\\07\\12\\15\ , '5b3222af490642408551fe3a277f03a1', 'a7b2f597b16c4425a02d6b5c7749700d.mp4.file', 'v.f30.mp4', 8115452, '本地', '2020', NULL),
	('402880ec7341c747017341d7d751000f', '20200712150531', '20200712150531', '系统管理员', '40288b854a329988014a329a12f30002', '系统管理员', '40288b854a329988014a329a12f30002', NULL, '0', 'mp4', '\\2020\\07\\12\\15\ , 'cbdaa36a0b044cccba0f4e21968d90e5', '57b3ee18732a46528c63503536933173.mp4.file', 'v.f30.mp4', 8115452, '本地', '2020', NULL),
	('402880ec7341c747017341d807a60011', '20200712150543', '20200712150543', '系统管理员', '40288b854a329988014a329a12f30002', '系统管理员', '40288b854a329988014a329a12f30002', NULL, '0', 'mp4', '\\2020\\07\\12\\15\ , '9e4a889431d54cf1a045d0092ec45be8', '6c03d86d82ac463babadce214f292eb2.mp4.file', 'v.f30.mp4', 8115452, '本地', '2020', NULL),
	('402880ec7341c747017341d834890013', '20200712150555', '20200712150555', '系统管理员', '40288b854a329988014a329a12f30002', '系统管理员', '40288b854a329988014a329a12f30002', NULL, '0', 'mp4', '\\2020\\07\\12\\15\ , 'c50848d8a7fa454f82f9824e927f2220', '57792b5a403f4a2394332be4fe1f373a.mp4.file', 'v.f30.mp4', 8115452, '本地', '2020', NULL),
	('402880ec7341c747017341d864210015', '20200712150607', '20200712150607', '系统管理员', '40288b854a329988014a329a12f30002', '系统管理员', '40288b854a329988014a329a12f30002', NULL, '0', 'mp4', '\\2020\\07\\12\\15\ , 'ad4f36a8ef2241d1852d1531f4d84d70', '5a14c4397a0349378fec1cb9ea397c24.mp4.file', 'v.f30.mp4', 8115452, '本地', '2020', NULL),
	('402880ec7341c747017341d891660017', '20200712150618', '20200712150618', '系统管理员', '40288b854a329988014a329a12f30002', '系统管理员', '40288b854a329988014a329a12f30002', NULL, '0', 'mp4', '\\2020\\07\\12\\15\ , '8369c28aa5bb4c7899c1c88e018b8775', 'db6e155b4ccf4a2293f43f7c4aabf77b.mp4.file', 'v.f30.mp4', 8115452, '本地', '2020', NULL),
	('402880ec7341c747017341d8c4650019', '20200712150631', '20200712150631', '系统管理员', '40288b854a329988014a329a12f30002', '系统管理员', '40288b854a329988014a329a12f30002', NULL, '0', 'mp4', '\\2020\\07\\12\\15\ , '7f2d0dab6b0b470f9596dd8210a3cc00', '7402a2deed8648c1b9766c020e6a83d8.mp4.file', 'v.f30.mp4', 8115452, '本地', '2020', NULL),
	('402880ec7341c747017341d8f2c3001b', '20200712150643', '20200712150643', '系统管理员', '40288b854a329988014a329a12f30002', '系统管理员', '40288b854a329988014a329a12f30002', NULL, '0', 'mp4', '\\2020\\07\\12\\15\ , 'fa7272ea65314ee99e0a647985c056f6', '14e6f21570a84398892f5bb151be3fd5.mp4.file', 'v.f30.mp4', 8115452, '本地', '2020', NULL),
	('402880ec7341c747017341d91bae001d', '20200712150654', '20200712150654', '系统管理员', '40288b854a329988014a329a12f30002', '系统管理员', '40288b854a329988014a329a12f30002', NULL, '0', 'mp4', '\\2020\\07\\12\\15\ , 'f3935e1d551e4dd8b24010ae4e16fa64', '61022da7e5fe45de83f4668fbed2335c.mp4.file', 'v.f30.mp4', 8115452, '本地', '2020', NULL),
	('402880ec7341c747017341d9428c001f', '20200712150704', '20200712150704', '系统管理员', '40288b854a329988014a329a12f30002', '系统管理员', '40288b854a329988014a329a12f30002', NULL, '0', 'mp4', '\\2020\\07\\12\\15\ , 'b68f92595e544f758dfc459de9483ad7', 'e8edf3d9ed9c49b5a349894a05094ce9.mp4.file', 'v.f30.mp4', 8115452, '本地', '2020', NULL),
	('402880ec7341c747017341d96e810021', '20200712150715', '20200712150715', '系统管理员', '40288b854a329988014a329a12f30002', '系统管理员', '40288b854a329988014a329a12f30002', NULL, '0', 'mp4', '\\2020\\07\\12\\15\ , 'a2b50e13cbc84d37bf267524134da90b', '1a8b2562f09a48c69d5261322e407b04.mp4.file', 'v.f30.mp4', 8115452, '本地', '2020', NULL),
	('402880ec7341c747017341d995680023', '20200712150725', '20200712150725', '系统管理员', '40288b854a329988014a329a12f30002', '系统管理员', '40288b854a329988014a329a12f30002', NULL, '0', 'mp4', '\\2020\\07\\12\\15\ , '4a12f563729e4413b53a94186e13b360', '96db002a57004fd188254e6ee4250bfb.mp4.file', 'v.f30.mp4', 8115452, '本地', '2020', NULL),
	('402880ec7341c747017341d9c1200025', '20200712150736', '20200712150736', '系统管理员', '40288b854a329988014a329a12f30002', '系统管理员', '40288b854a329988014a329a12f30002', NULL, '0', 'mp4', '\\2020\\07\\12\\15\ , '881e317e2e7643bcb8262ed73c76f95d', '28ca2682d9464047a33d9aff04822e2c.mp4.file', 'v.f30.mp4', 8115452, '本地', '2020', NULL),
	('402880ec7341c747017341d9eb2d0027', '20200712150747', '20200712150747', '系统管理员', '40288b854a329988014a329a12f30002', '系统管理员', '40288b854a329988014a329a12f30002', NULL, '0', 'mp4', '\\2020\\07\\12\\15\ , 'b7bc7b6f6c88474d9e527de162673049', '9d113994eb8e4623937ecdeb889c5578.mp4.file', 'v.f30.mp4', 8115452, '本地', '2020', NULL),
	('402880ec7341c747017341db63980029', '20200712150923', '20200712150923', '系统管理员', '40288b854a329988014a329a12f30002', '系统管理员', '40288b854a329988014a329a12f30002', NULL, '1', 'png', '\\2020\\07\\12\\15\ , '677da9dad1494ca5bf51a9e8d1a42d63', '30f7d79ac9d742bfb3fa525d12ec8ad7.png.file', '粘贴图片.png', 460971, '本地', '2020', NULL),
	('402880ec73427c3d0173427fe5d90000', '20200712180904', '20200712180904', '系统管理员', '40288b854a329988014a329a12f30002', '系统管理员', '40288b854a329988014a329a12f30002', NULL, '0', 'jpg', '\\2020\\07\\12\\18\ , 'e749f8dd321745efa79b134b1150e628', '87e2cc866bc34e0588aa85c33cfe73b4.jpg.file', '1V18.jpg', 45124, '本地', '2020', NULL),
	('402880ec73427c3d01734281a6b60002', '20200712181059', '20200712181059', '系统管理员', '40288b854a329988014a329a12f30002', '系统管理员', '40288b854a329988014a329a12f30002', NULL, '0', 'jpg', '\\2020\\07\\12\\18\ , '094594fb6b0246c1b5eadb74729c3714', '34f633bcb3114de1b77214a5b1af8370.jpg.file', '1 (2).jpg', 238585, '本地', '2020', NULL),
	('402880ec73427c3d0173428216b80004', '20200712181128', '20200712181128', '系统管理员', '40288b854a329988014a329a12f30002', '系统管理员', '40288b854a329988014a329a12f30002', NULL, '0', 'jpg', '\\2020\\07\\12\\18\ , '3afcf877c8dc4431aeefb78c1ac287ae', 'd00353a5ebc54472895c59829531ea18.jpg.file', '120129f3ab45d8b80c1f6d9b02a9321d.jpg', 9521, '本地', '2020', NULL),
	('402880ec73427c3d01734284d94e0006', '20200712181429', '20200712181429', '系统管理员', '40288b854a329988014a329a12f30002', '系统管理员', '40288b854a329988014a329a12f30002', NULL, '0', 'jpg', '\\2020\\07\\12\\18\ , 'e31fc3b2f02a45c28408685f200c32a4', 'f82a5f8e01a74e25b90b9efbb823d125.jpg.file', '1fb4c12df01d2406b9c1fb066431d297.jpg', 414502, '本地', '2020', NULL),
	('402880ec73427c3d017342a5eacb0008', '20200712185036', '20200712185036', '系统管理员', '40288b854a329988014a329a12f30002', '系统管理员', '40288b854a329988014a329a12f30002', NULL, '0', 'png', '\\2020\\07\\12\\18\ , '0ee8692669ea4e1f80da6e4cab95a158', '1b95cfde64e7429286a47bc33589a298.png.file', 'homelogo.png', 18100, '本地', '2020', NULL),
	('402880ec73427c3d017342a61231000a', '20200712185046', '20200712185046', '系统管理员', '40288b854a329988014a329a12f30002', '系统管理员', '40288b854a329988014a329a12f30002', NULL, '0', 'jpg', '\\2020\\07\\12\\18\ , '016459474540449a9c1fe4e028914248', '6656c097fb014f77831f20b84dd22c7b.jpg.file', '120129f3ab45d8b80c1f6d9b02a9321d.jpg', 9521, '本地', '2020', NULL),
	('402880ec73427c3d017342a63aab000c', '20200712185057', '20200712185057', '系统管理员', '40288b854a329988014a329a12f30002', '系统管理员', '40288b854a329988014a329a12f30002', NULL, '0', 'jpg', '\\2020\\07\\12\\18\ , 'e158d5f93ab647139e5b66f7d083d4ad', 'dece2c77db234f1aa96b6b85e1cc88bc.jpg.file', 'bigroom.jpg', 22985, '本地', '2020', NULL),
	('402880ec73427c3d017342a669e9000e', '20200712185109', '20200712185109', '系统管理员', '40288b854a329988014a329a12f30002', '系统管理员', '40288b854a329988014a329a12f30002', NULL, '0', 'jpg', '\\2020\\07\\12\\18\ , 'cd4d897c780842338e58a0e8bb21aec1', 'ff8d28896b914b18bd20098dbaac7b26.jpg.file', 'cd030dee6d2c3d971819ea3cc96625b3.jpg', 270953, '本地', '2020', NULL),
	('402880ec734853500173488e50c90000', '20200713222233', '20200713222233', '系统管理员', '40288b854a329988014a329a12f30002', '系统管理员', '40288b854a329988014a329a12f30002', NULL, '0', 'png', '\\2020\\07\\13\\22\ , 'bb8f668f525f4767931193a0cc61cfe2', '4c7f9b83776d4980935c4538dd1580c9.png.file', '5e53996209f289a412000676-240-135.png', 22596, '本地', '2020', NULL),
	('402880ec734853500173488edd320003', '20200713222309', '20200713222309', '系统管理员', '40288b854a329988014a329a12f30002', '系统管理员', '40288b854a329988014a329a12f30002', NULL, '1', 'png', '\\2020\\07\\13\\22\ , '3733e4e26a2149d1bc1fbbd6906fad90', 'e76f0605aac0410bbeb74f0a60eb6d3d.png.file', 'Web-01@2x.png', 79456, '本地', '2020', NULL),
	('402880ec734853500173488eebbe0004', '20200713222312', '20200713222312', '系统管理员', '40288b854a329988014a329a12f30002', '系统管理员', '40288b854a329988014a329a12f30002', NULL, '1', ' 神思者 用技术打造小程序简历，让面试官耳目一新简介', '\\2020\\07\\13\\22\ , '4920e45b226f42869536d6d20bfcba61', 'faa8dff9c84d4927bfc131103970d5be. 神思者 用技术打造小程序简历，让面试官耳目一新简介.file', ' 神思者 用技术打造小程序简历，让面试官耳目一新简介', 120, '课程简介', '2020', '402880ec734853500173488e859d0001'),
	('402880ec734853500173488f83020006', '20200713222351', '20200713222351', '系统管理员', '40288b854a329988014a329a12f30002', '系统管理员', '40288b854a329988014a329a12f30002', NULL, '0', 'mp4', '\\2020\\07\\13\\22\ , '01a0535f28bb428aae00c1d23509684c', 'd9067d2b46de46aab3dcd0cbae710f5d.mp4.file', 'v.f30.mp4', 8115452, '本地', '2020', NULL),
	('402880ec7348535001734895cc510008', '20200713223043', '20200713223043', '系统管理员', '40288b854a329988014a329a12f30002', '系统管理员', '40288b854a329988014a329a12f30002', NULL, '1', 'png', '\\2020\\07\\13\\22\ , 'cf2cf1cf3a344524b09e1f459d4376db', '48d110baf08648d194bc93da961b2d05.png.file', 'Web-02@2x.png', 192802, '本地', '2020', NULL),
	('402880ec734d719201734d80ba080005', '20200714212548', '20200714212548', '系统管理员', '40288b854a329988014a329a12f30002', '系统管理员', '40288b854a329988014a329a12f30002', NULL, '0', 'png', '\\2020\\07\\14\\21\ , '0df92fa039d742fa8a82d603b3c335a8', '673b3c84ff544b42823b0a0d4fb5255d.png.file', '5f0bc7880001aba818720764.png', 126495, '本地', '2020', NULL),
	('402880ec734d719201734d81d6a90006', '20200714212701', '20200714212701', '系统管理员', '40288b854a329988014a329a12f30002', '系统管理员', '40288b854a329988014a329a12f30002', NULL, '1', 'png', '\\2020\\07\\14\\21\ , '9ba347a2f20f48b9845567139c6dc666', 'aa669b9a24dd4f31bb1bfecaa8c3c088.png.file', '5f0bc7880001aba818720764.png', 126495, '本地', '2020', NULL),
	('402880ec734d719201734d81fe260007', '20200714212711', '20200714212711', '系统管理员', '40288b854a329988014a329a12f30002', '系统管理员', '40288b854a329988014a329a12f30002', NULL, '1', 'png', '\\2020\\07\\14\\21\ , '46857ea52bcc4af1b9367decbc2bf383', '777c45a9e6654945857f14b9c3229605.png.file', '5f057a6a0001f4f918720764.png', 205690, '本地', '2020', NULL),
	('402880ec735057780173508a87630000', '20200715113522', '20200715113522', '系统管理员', '40288b854a329988014a329a12f30002', '系统管理员', '40288b854a329988014a329a12f30002', NULL, '0', 'mp4', '\\2020\\07\\15\\11\ , 'c1b09927c972437dad31c2f129c44bb8', 'f0fa9ae2b33447a5909e03ed4542842a.mp4.file', 'ckin.mp4', 6661002, '本地', '2020', NULL),
	('402880ec7350c1bd017350e607da0000', '20200715131519', '20200715131519', '系统管理员', '40288b854a329988014a329a12f30002', '系统管理员', '40288b854a329988014a329a12f30002', NULL, '0', 'pdf', '\\2020\\07\\15\\13\ , 'a13497af35cd418f8d9a29bcf4d98efb', 'e511c973e8ef4d7b8a8b6486978dcf46.pdf.file', '优秀员工的良好工作习惯.pdf', 19090440, '本地', '2020', NULL),
	('402880ec73513f41017351a4b9440000', '20200715164336', '20200715164336', '系统管理员', '40288b854a329988014a329a12f30002', '系统管理员', '40288b854a329988014a329a12f30002', NULL, '0', 'pdf', '\\2020\\07\\15\\16\ , 'af8d3605aa7a46d3b9bc2b76a21fef42', '9ef88fc2e8684f46b79ed840a4eeb3c5.pdf.file', '漫画流体力学2.pdf', 60010033, '本地', '2020', NULL),
	('402880ec73513f41017351ace0950001', '20200715165230', '20200715165230', '系统管理员', '40288b854a329988014a329a12f30002', '系统管理员', '40288b854a329988014a329a12f30002', NULL, '0', 'pdf', '\\2020\\07\\15\\16\ , 'cfcf50947a32408b9859d2e90f3b7531', '13aad547c5224ca19e8c10217f37b5ae.pdf.file', '宣传册2020版(1).pdf', 224925773, '本地', '2020', NULL),
	('402880ec73520f5c017352185e3a0000', '20200715184955', '20200715184955', '系统管理员', '40288b854a329988014a329a12f30002', '系统管理员', '40288b854a329988014a329a12f30002', NULL, '0', 'png', '\\2020\\07\\15\\18\ , 'aae78f0d8c4b44bf8b30ddfd23311603', '4d42c8b1c676421d90599fefe2e6b72c.png.file', 'icon.png', 40635, '本地', '2020', NULL),
	('402880ec73520f5c01735219a0300001', '20200715185117', '20200715185117', '系统管理员', '40288b854a329988014a329a12f30002', '系统管理员', '40288b854a329988014a329a12f30002', NULL, '0', 'png', '\\2020\\07\\15\\18\ , '06ae39a68ebc40968e1d76549c145beb', '9dc808563e1b4c7d9fe6dd75df57c2a1.png.file', 'icon.png', 40635, '本地', '2020', NULL),
	('402880ec73520f5c0173521b084d0002', '20200715185250', '20200715185250', '系统管理员', '40288b854a329988014a329a12f30002', '系统管理员', '40288b854a329988014a329a12f30002', NULL, '0', 'png', '\\2020\\07\\15\\18\ , 'e58a677feb6241e18ab93b98036abade', 'd832dd1569b545b4935c4973647ca512.png.file', 'icon.png', 40635, '本地', '2020', NULL),
	('402880ec73520f5c0173521defc50003', '20200715185600', '20200715185600', '系统管理员', '40288b854a329988014a329a12f30002', '系统管理员', '40288b854a329988014a329a12f30002', NULL, '0', 'png', '\\2020\\07\\15\\18\ , '70a67417ac754751a7a6aaa991c65cc8', '3c7c174546984e26ac9daa48b703d1bb.png.file', 'icon.png', 40635, '本地', '2020', NULL),
	('402880ec73520f5c01735230dff10004', '20200715191641', '20200715191641', '系统管理员', '40288b854a329988014a329a12f30002', '系统管理员', '40288b854a329988014a329a12f30002', NULL, '0', 'png', '\\2020\\07\\15\\19\ , '6c27f469af864da894570131948468d4', '7379bcf1947a48248c80797b3689d2e7.png.file', 'icon.png', 40635, '本地', '2020', NULL),
	('402880ec73520f5c0173523125350005', '20200715191659', '20200715191659', '系统管理员', '40288b854a329988014a329a12f30002', '系统管理员', '40288b854a329988014a329a12f30002', NULL, '0', 'png', '\\2020\\07\\15\\19\ , '23078fe86f10414499147cf4c1363a44', '34dca5c8119648f6bb687ef0135acbfe.png.file', 'icon.png', 40635, '本地', '2020', NULL),
	('402880ec73528c000173528d9dd60000', '20200715205759', '20200715205759', '系统管理员', '40288b854a329988014a329a12f30002', '系统管理员', '40288b854a329988014a329a12f30002', NULL, '0', 'png', '\\2020\\07\\15\\20\ , '2772af8c965449adad593800f4942436', '565ec125c40e4808b7b54deac17714b2.png.file', 'icon.png', 40635, '本地', '2020', NULL),
	('402880ec73528c000173528eb9590001', '20200715205912', '20200715205912', '系统管理员', '40288b854a329988014a329a12f30002', '系统管理员', '40288b854a329988014a329a12f30002', NULL, '0', 'png', '\\2020\\07\\15\\20\ , '9be77ebae0ef48fcbb9b1f0871e92231', 'e49ee2609cb84431bd60cd1f2ec84026.png.file', 'icon.png', 40635, '本地', '2020', NULL),
	('402880ec73528c000173529054960002', '20200715210057', '20200715210057', '系统管理员', '40288b854a329988014a329a12f30002', '系统管理员', '40288b854a329988014a329a12f30002', NULL, '0', 'png', '\\2020\\07\\15\\21\ , '57dd8cca3d354586acc25576eb34a696', 'b454117b90694e729cc4d2ec46a8a9f6.png.file', 'icon.png', 40635, '本地', '2020', NULL),
	('402880ec73528c00017352933eea0003', '20200715210408', '20200715210408', '系统管理员', '40288b854a329988014a329a12f30002', '系统管理员', '40288b854a329988014a329a12f30002', NULL, '0', 'png', '\\2020\\07\\15\\21\ , 'a742342edb7c48b89acc92f38d6b703b', 'cbea31ea8bdb4df789cf4f96676c3a3a.png.file', 'icon.png', 40635, '本地', '2020', NULL),
	('402880ec73529be3017352a21a980000', '20200715212022', '20200715212022', '系统管理员', '40288b854a329988014a329a12f30002', '系统管理员', '40288b854a329988014a329a12f30002', NULL, '0', 'jpeg', '\\2020\\07\\15\\21\ , '548cdb943cd84b8f80c851003f93cfee', '0f81baee449c479991c9f3dc04607ebf.jpeg.file', '170a.jpeg', 251740, '本地', '2020', NULL);
/*!40000 ALTER TABLE `wlp_f_file` ENABLE KEYS */;

-- 导出  表 wlp.wlp_l_class 结构
CREATE TABLE IF NOT EXISTS `wlp_l_class` (
  `ID` varchar(32) NOT NULL,
  `ETIME` varchar(16) NOT NULL,
  `EUSER` varchar(32) NOT NULL,
  `EUSERNAME` varchar(64) NOT NULL,
  `CTIME` varchar(16) NOT NULL,
  `CUSER` varchar(32) NOT NULL,
  `CUSERNAME` varchar(64) NOT NULL,
  `PCONTENT` varchar(128) DEFAULT NULL,
  `PSTATE` varchar(2) NOT NULL,
  `HOTSCORE` int(11) NOT NULL,
  `BOOKEDNUM` int(11) NOT NULL,
  `EVALUATION` int(11) NOT NULL,
  `LEARNEDNUM` int(11) NOT NULL,
  `MINIMGID` varchar(32) DEFAULT NULL,
  `IMGID` varchar(32) NOT NULL COMMENT 'A4',
  `ALTIME` int(11) NOT NULL COMMENT '单位小时',
  `DIFFICULTY` varchar(1) NOT NULL COMMENT 'Difficulty',
  `SHORTINTRO` varchar(512) NOT NULL,
  `OUTAUTHOR` varchar(64) NOT NULL,
  `INTRODUCTIONID` varchar(32) DEFAULT NULL,
  `NAME` varchar(128) NOT NULL,
  PRIMARY KEY (`ID`)
) ENGINE=InnoDB DEFAULT CHARSET=utf8;

-- 正在导出表  wlp.wlp_l_class 的数据：~0 rows (大约)
/*!40000 ALTER TABLE `wlp_l_class` DISABLE KEYS */;
/*!40000 ALTER TABLE `wlp_l_class` ENABLE KEYS */;

-- 导出  表 wlp.wlp_l_classchapter 结构
CREATE TABLE IF NOT EXISTS `wlp_l_classchapter` (
  `ID` varchar(32) NOT NULL,
  `CTIME` varchar(16) NOT NULL,
  `ETIME` varchar(16) NOT NULL,
  `CUSERNAME` varchar(64) NOT NULL,
  `CUSER` varchar(32) NOT NULL,
  `EUSERNAME` varchar(64) NOT NULL,
  `EUSER` varchar(32) NOT NULL,
  `PSTATE` varchar(2) NOT NULL,
  `SORT` int(11) NOT NULL,
  `TITLE` varchar(256) NOT NULL,
  `NOTE` varchar(2048) DEFAULT NULL,
  `CLASSID` varchar(32) NOT NULL,
  PRIMARY KEY (`ID`),
  KEY `FK_Reference_28` (`CLASSID`),
  CONSTRAINT `FK_Reference_28` FOREIGN KEY (`CLASSID`) REFERENCES `wlp_l_class` (`ID`)
) ENGINE=InnoDB DEFAULT CHARSET=utf8;

-- 正在导出表  wlp.wlp_l_classchapter 的数据：~0 rows (大约)
/*!40000 ALTER TABLE `wlp_l_classchapter` DISABLE KEYS */;
/*!40000 ALTER TABLE `wlp_l_classchapter` ENABLE KEYS */;

-- 导出  表 wlp.wlp_l_classclasstype 结构
CREATE TABLE IF NOT EXISTS `wlp_l_classclasstype` (
  `ID` varchar(32) NOT NULL,
  `CLASSTYPEID` varchar(32) NOT NULL,
  `CLASSID` varchar(32) NOT NULL,
  PRIMARY KEY (`ID`),
  KEY `FK_Reference_23` (`CLASSTYPEID`),
  KEY `FK_Reference_24` (`CLASSID`),
  CONSTRAINT `FK_Reference_23` FOREIGN KEY (`CLASSTYPEID`) REFERENCES `wlp_c_classtype` (`ID`),
  CONSTRAINT `FK_Reference_24` FOREIGN KEY (`CLASSID`) REFERENCES `wlp_l_class` (`ID`)
) ENGINE=InnoDB DEFAULT CHARSET=utf8;

-- 正在导出表  wlp.wlp_l_classclasstype 的数据：~0 rows (大约)
/*!40000 ALTER TABLE `wlp_l_classclasstype` DISABLE KEYS */;
/*!40000 ALTER TABLE `wlp_l_classclasstype` ENABLE KEYS */;

-- 导出  表 wlp.wlp_l_classhour 结构
CREATE TABLE IF NOT EXISTS `wlp_l_classhour` (
  `ID` varchar(32) NOT NULL,
  `CTIME` varchar(16) NOT NULL,
  `ETIME` varchar(16) NOT NULL,
  `CUSERNAME` varchar(64) NOT NULL,
  `CUSER` varchar(32) NOT NULL,
  `EUSERNAME` varchar(64) NOT NULL,
  `EUSER` varchar(32) NOT NULL,
  `PSTATE` varchar(2) NOT NULL,
  `PCONTENT` varchar(128) DEFAULT NULL,
  `AUTHORID` varchar(32) DEFAULT NULL,
  `FILEID` varchar(32) DEFAULT NULL COMMENT '当前支持PDF和MP4',
  `TITLE` varchar(256) NOT NULL,
  `SORT` int(11) NOT NULL,
  `NOTE` varchar(2048) DEFAULT NULL,
  `CHAPTERID` varchar(32) NOT NULL,
  `CLASSID` varchar(32) NOT NULL,
  PRIMARY KEY (`ID`),
  KEY `FK_Reference_30` (`FILEID`),
  KEY `FK_Referc_30` (`CHAPTERID`),
  CONSTRAINT `FK_Referc_30` FOREIGN KEY (`CHAPTERID`) REFERENCES `wlp_l_classchapter` (`ID`)
) ENGINE=InnoDB DEFAULT CHARSET=utf8;

-- 正在导出表  wlp.wlp_l_classhour 的数据：~0 rows (大约)
/*!40000 ALTER TABLE `wlp_l_classhour` DISABLE KEYS */;
/*!40000 ALTER TABLE `wlp_l_classhour` ENABLE KEYS */;

-- 导出  表 wlp.wlp_l_classtag 结构
CREATE TABLE IF NOT EXISTS `wlp_l_classtag` (
  `ID` varchar(32) NOT NULL,
  `TAGID` varchar(32) NOT NULL,
  `CLASSID` varchar(32) NOT NULL,
  PRIMARY KEY (`ID`),
  KEY `FK_Reference_26` (`TAGID`),
  KEY `FK_Reference_61` (`CLASSID`),
  CONSTRAINT `FK_Reference_26` FOREIGN KEY (`TAGID`) REFERENCES `wlp_c_tag` (`ID`),
  CONSTRAINT `FK_Reference_61` FOREIGN KEY (`CLASSID`) REFERENCES `wlp_l_class` (`ID`)
) ENGINE=InnoDB DEFAULT CHARSET=utf8;

-- 正在导出表  wlp.wlp_l_classtag 的数据：~0 rows (大约)
/*!40000 ALTER TABLE `wlp_l_classtag` DISABLE KEYS */;
/*!40000 ALTER TABLE `wlp_l_classtag` ENABLE KEYS */;

-- 导出  表 wlp.wlp_l_top 结构
CREATE TABLE IF NOT EXISTS `wlp_l_top` (
  `ID` varchar(32) NOT NULL,
  `CTIME` varchar(16) NOT NULL,
  `CUSERNAME` varchar(64) NOT NULL,
  `CUSER` varchar(32) NOT NULL,
  `PSTATE` varchar(2) NOT NULL,
  `PCONTENT` varchar(128) DEFAULT NULL,
  `SORT` int(11) NOT NULL,
  `TYPE` varchar(1) NOT NULL COMMENT ',2:大图推荐,1:首页推荐',
  `TITLE` varchar(256) NOT NULL,
  `URL` varchar(512) NOT NULL,
  `IMGID` varchar(32) NOT NULL,
  `MODEL` varchar(1) NOT NULL COMMENT '1课程.0自定义',
  `VISITNUM` int(11) NOT NULL,
  PRIMARY KEY (`ID`)
) ENGINE=InnoDB DEFAULT CHARSET=utf8;

-- 正在导出表  wlp.wlp_l_top 的数据：~0 rows (大约)
/*!40000 ALTER TABLE `wlp_l_top` DISABLE KEYS */;
/*!40000 ALTER TABLE `wlp_l_top` ENABLE KEYS */;

/*!40101 SET SQL_MODE=IFNULL(@OLD_SQL_MODE, '') */;
/*!40014 SET FOREIGN_KEY_CHECKS=IF(@OLD_FOREIGN_KEY_CHECKS IS NULL, 1, @OLD_FOREIGN_KEY_CHECKS) */;
/*!40101 SET CHARACTER_SET_CLIENT=@OLD_CHARACTER_SET_CLIENT */;
